Área,Producto,Año,Unidad,Producción,Area cosechada
"Argentina,""Aceitunas, olivas"",2010,ha,,126400.0"
"Argentina,""Aceitunas, olivas"",2010,toneladas,353842.0,"
"Argentina,""Aceitunas, olivas"",2011,ha,,88700.0"
"Argentina,""Aceitunas, olivas"",2011,toneladas,248261.0,"
"Argentina,""Aceitunas, olivas"",2012,ha,,128900.0"
"Argentina,""Aceitunas, olivas"",2012,toneladas,360922.0,"
"Argentina,""Aceitunas, olivas"",2013,ha,,77400.0"
"Argentina,""Aceitunas, olivas"",2013,toneladas,216609.0,"
"Argentina,""Aceitunas, olivas"",2014,ha,,122410.0"
"Argentina,""Aceitunas, olivas"",2014,toneladas,341865.0,"
"Argentina,""Aceitunas, olivas"",2015,ha,,118548.0"
"Argentina,""Aceitunas, olivas"",2015,toneladas,334848.0,"
"Argentina,""Aceitunas, olivas"",2016,ha,,87295.0"
"Argentina,""Aceitunas, olivas"",2016,toneladas,247555.0,"
"Argentina,""Aceitunas, olivas"",2017,ha,,141571.0"
"Argentina,""Aceitunas, olivas"",2017,toneladas,400000.0,"
"Argentina,""Aceitunas, olivas"",2018,ha,,108537.0"
"Argentina,""Aceitunas, olivas"",2018,toneladas,303989.13,"
"Argentina,""Aceitunas, olivas"",2019,ha,,115328.0"
"Argentina,""Aceitunas, olivas"",2019,toneladas,321000.0,"
"Argentina,""Aceitunas, olivas"",2020,ha,,115879.0"
"Argentina,""Aceitunas, olivas"",2020,toneladas,321000.0,"
"Argentina,""Aceitunas, olivas"",2021,ha,,123703.0"
"Argentina,""Aceitunas, olivas"",2021,toneladas,341036.76,"
Argentina,Aguacates,2010,ha,,560.0
Argentina,Aguacates,2010,toneladas,3726.11,
Argentina,Aguacates,2011,ha,,570.0
Argentina,Aguacates,2011,toneladas,3839.54,
Argentina,Aguacates,2012,ha,,580.0
Argentina,Aguacates,2012,toneladas,4100.0,
Argentina,Aguacates,2013,ha,,587.0
Argentina,Aguacates,2013,toneladas,4051.54,
Argentina,Aguacates,2014,ha,,588.0
Argentina,Aguacates,2014,toneladas,4038.59,
Argentina,Aguacates,2015,ha,,581.0
Argentina,Aguacates,2015,toneladas,4029.92,
Argentina,Aguacates,2016,ha,,578.0
Argentina,Aguacates,2016,toneladas,4027.05,
Argentina,Aguacates,2017,ha,,576.0
Argentina,Aguacates,2017,toneladas,4033.27,
Argentina,Aguacates,2018,ha,,584.0
Argentina,Aguacates,2018,toneladas,4098.56,
Argentina,Aguacates,2019,ha,,585.0
Argentina,Aguacates,2019,toneladas,4127.25,
Argentina,Aguacates,2020,ha,,586.0
Argentina,Aguacates,2020,toneladas,4150.6,
Argentina,Aguacates,2021,ha,,587.0
Argentina,Aguacates,2021,toneladas,4173.95,
Argentina,Ajo verde,2010,ha,,14895.0
Argentina,Ajo verde,2010,toneladas,142619.94,
Argentina,Ajo verde,2011,ha,,14975.0
Argentina,Ajo verde,2011,toneladas,143308.07,
Argentina,Ajo verde,2012,ha,,15056.0
Argentina,Ajo verde,2012,toneladas,143996.19,
Argentina,Ajo verde,2013,ha,,15136.0
Argentina,Ajo verde,2013,toneladas,144684.32,
Argentina,Ajo verde,2014,ha,,15309.0
Argentina,Ajo verde,2014,toneladas,146401.96,
Argentina,Ajo verde,2015,ha,,15606.0
Argentina,Ajo verde,2015,toneladas,148459.4,
Argentina,Ajo verde,2016,ha,,15499.0
Argentina,Ajo verde,2016,toneladas,148851.5,
Argentina,Ajo verde,2017,ha,,15456.0
Argentina,Ajo verde,2017,toneladas,149534.16,
Argentina,Ajo verde,2018,ha,,15599.0
Argentina,Ajo verde,2018,toneladas,150936.66,
Argentina,Ajo verde,2019,ha,,15390.0
Argentina,Ajo verde,2019,toneladas,148302.09,
Argentina,Ajo verde,2020,ha,,15442.0
Argentina,Ajo verde,2020,toneladas,148813.97,
Argentina,Ajo verde,2021,ha,,15493.0
Argentina,Ajo verde,2021,toneladas,149325.84,
"Argentina,""Ajíes y pimientos secos (caspicum y pimenta), en bruto"",2010,ha,,2882.0"
"Argentina,""Ajíes y pimientos secos (caspicum y pimenta), en bruto"",2010,toneladas,3164.9,"
"Argentina,""Ajíes y pimientos secos (caspicum y pimenta), en bruto"",2011,ha,,2833.0"
"Argentina,""Ajíes y pimientos secos (caspicum y pimenta), en bruto"",2011,toneladas,3152.06,"
"Argentina,""Ajíes y pimientos secos (caspicum y pimenta), en bruto"",2012,ha,,2500.0"
"Argentina,""Ajíes y pimientos secos (caspicum y pimenta), en bruto"",2012,toneladas,3000.0,"
"Argentina,""Ajíes y pimientos secos (caspicum y pimenta), en bruto"",2013,ha,,2783.0"
"Argentina,""Ajíes y pimientos secos (caspicum y pimenta), en bruto"",2013,toneladas,3167.29,"
"Argentina,""Ajíes y pimientos secos (caspicum y pimenta), en bruto"",2014,ha,,2843.0"
"Argentina,""Ajíes y pimientos secos (caspicum y pimenta), en bruto"",2014,toneladas,3191.85,"
"Argentina,""Ajíes y pimientos secos (caspicum y pimenta), en bruto"",2015,ha,,2790.0"
"Argentina,""Ajíes y pimientos secos (caspicum y pimenta), en bruto"",2015,toneladas,3171.41,"
"Argentina,""Ajíes y pimientos secos (caspicum y pimenta), en bruto"",2016,ha,,2776.0"
"Argentina,""Ajíes y pimientos secos (caspicum y pimenta), en bruto"",2016,toneladas,3174.18,"
"Argentina,""Ajíes y pimientos secos (caspicum y pimenta), en bruto"",2017,ha,,2780.0"
"Argentina,""Ajíes y pimientos secos (caspicum y pimenta), en bruto"",2017,toneladas,3180.98,"
"Argentina,""Ajíes y pimientos secos (caspicum y pimenta), en bruto"",2018,ha,,2774.0"
"Argentina,""Ajíes y pimientos secos (caspicum y pimenta), en bruto"",2018,toneladas,3186.91,"
"Argentina,""Ajíes y pimientos secos (caspicum y pimenta), en bruto"",2019,ha,,2749.0"
"Argentina,""Ajíes y pimientos secos (caspicum y pimenta), en bruto"",2019,toneladas,3181.82,"
"Argentina,""Ajíes y pimientos secos (caspicum y pimenta), en bruto"",2020,ha,,2737.0"
"Argentina,""Ajíes y pimientos secos (caspicum y pimenta), en bruto"",2020,toneladas,3183.11,"
"Argentina,""Ajíes y pimientos secos (caspicum y pimenta), en bruto"",2021,ha,,2725.0"
"Argentina,""Ajíes y pimientos secos (caspicum y pimenta), en bruto"",2021,toneladas,3184.4,"
"Argentina,""Ajíes y pimientos, verdes (capsicum y pimenta)"",2010,ha,,7094.0"
"Argentina,""Ajíes y pimientos, verdes (capsicum y pimenta)"",2010,toneladas,145411.5,"
"Argentina,""Ajíes y pimientos, verdes (capsicum y pimenta)"",2011,ha,,6858.0"
"Argentina,""Ajíes y pimientos, verdes (capsicum y pimenta)"",2011,toneladas,142888.15,"
"Argentina,""Ajíes y pimientos, verdes (capsicum y pimenta)"",2012,ha,,6742.0"
"Argentina,""Ajíes y pimientos, verdes (capsicum y pimenta)"",2012,toneladas,142775.54,"
"Argentina,""Ajíes y pimientos, verdes (capsicum y pimenta)"",2013,ha,,6697.0"
"Argentina,""Ajíes y pimientos, verdes (capsicum y pimenta)"",2013,toneladas,144102.91,"
"Argentina,""Ajíes y pimientos, verdes (capsicum y pimenta)"",2014,ha,,6635.0"
"Argentina,""Ajíes y pimientos, verdes (capsicum y pimenta)"",2014,toneladas,145633.96,"
"Argentina,""Ajíes y pimientos, verdes (capsicum y pimenta)"",2015,ha,,6536.0"
"Argentina,""Ajíes y pimientos, verdes (capsicum y pimenta)"",2015,toneladas,150676.94,"
"Argentina,""Ajíes y pimientos, verdes (capsicum y pimenta)"",2016,ha,,6515.0"
"Argentina,""Ajíes y pimientos, verdes (capsicum y pimenta)"",2016,toneladas,146804.6,"
"Argentina,""Ajíes y pimientos, verdes (capsicum y pimenta)"",2017,ha,,6487.0"
"Argentina,""Ajíes y pimientos, verdes (capsicum y pimenta)"",2017,toneladas,145180.28,"
"Argentina,""Ajíes y pimientos, verdes (capsicum y pimenta)"",2018,ha,,6469.0"
"Argentina,""Ajíes y pimientos, verdes (capsicum y pimenta)"",2018,toneladas,154285.58,"
"Argentina,""Ajíes y pimientos, verdes (capsicum y pimenta)"",2019,ha,,6455.0"
"Argentina,""Ajíes y pimientos, verdes (capsicum y pimenta)"",2019,toneladas,154121.52,"
"Argentina,""Ajíes y pimientos, verdes (capsicum y pimenta)"",2020,ha,,6428.0"
"Argentina,""Ajíes y pimientos, verdes (capsicum y pimenta)"",2020,toneladas,151195.79,"
"Argentina,""Ajíes y pimientos, verdes (capsicum y pimenta)"",2021,ha,,6403.0"
"Argentina,""Ajíes y pimientos, verdes (capsicum y pimenta)"",2021,toneladas,153200.96,"
Argentina,Albaricoques,2010,ha,,2371.0
Argentina,Albaricoques,2010,toneladas,26145.48,
Argentina,Albaricoques,2011,ha,,2367.0
Argentina,Albaricoques,2011,toneladas,26271.36,
Argentina,Albaricoques,2012,ha,,2364.0
Argentina,Albaricoques,2012,toneladas,26397.25,
Argentina,Albaricoques,2013,ha,,2361.0
Argentina,Albaricoques,2013,toneladas,26523.13,
Argentina,Albaricoques,2014,ha,,2371.0
Argentina,Albaricoques,2014,toneladas,26817.68,
Argentina,Albaricoques,2015,ha,,2362.0
Argentina,Albaricoques,2015,toneladas,26958.61,
Argentina,Albaricoques,2016,ha,,2351.0
Argentina,Albaricoques,2016,toneladas,27042.25,
Argentina,Albaricoques,2017,ha,,2348.0
Argentina,Albaricoques,2017,toneladas,27104.75,
Argentina,Albaricoques,2018,ha,,2351.0
Argentina,Albaricoques,2018,toneladas,27158.05,
Argentina,Albaricoques,2019,ha,,2341.0
Argentina,Albaricoques,2019,toneladas,27029.07,
Argentina,Albaricoques,2020,ha,,2342.0
Argentina,Albaricoques,2020,toneladas,27115.11,
Argentina,Albaricoques,2021,ha,,2345.0
Argentina,Albaricoques,2021,toneladas,27201.15,
Argentina,Alcachofas,2010,ha,,2636.0
Argentina,Alcachofas,2010,toneladas,51948.33,
Argentina,Alcachofas,2011,ha,,2514.0
Argentina,Alcachofas,2011,toneladas,49616.31,
Argentina,Alcachofas,2012,ha,,2396.0
Argentina,Alcachofas,2012,toneladas,47356.26,
Argentina,Alcachofas,2013,ha,,2284.0
Argentina,Alcachofas,2013,toneladas,45191.46,
Argentina,Alcachofas,2014,ha,,2178.0
Argentina,Alcachofas,2014,toneladas,43143.14,
Argentina,Alcachofas,2015,ha,,2081.0
Argentina,Alcachofas,2015,toneladas,41231.89,
Argentina,Alcachofas,2016,ha,,1991.0
Argentina,Alcachofas,2016,toneladas,39478.25,
Argentina,Alcachofas,2017,ha,,1901.0
Argentina,Alcachofas,2017,toneladas,37720.1,
Argentina,Alcachofas,2018,ha,,1819.0
Argentina,Alcachofas,2018,toneladas,36158.85,
Argentina,Alcachofas,2019,ha,,1750.0
Argentina,Alcachofas,2019,toneladas,35000.0,
Argentina,Alcachofas,2020,ha,,1800.0
Argentina,Alcachofas,2020,toneladas,35500.0,
Argentina,Alcachofas,2021,ha,,1798.0
Argentina,Alcachofas,2021,toneladas,35574.73,
"Argentina,""Algodón con semilla, sin desmotar"",2010,ha,,440872.0"
"Argentina,""Algodón con semilla, sin desmotar"",2010,toneladas,753502.0,"
"Argentina,""Algodón con semilla, sin desmotar"",2011,ha,,623399.0"
"Argentina,""Algodón con semilla, sin desmotar"",2011,toneladas,1032542.0,"
"Argentina,""Algodón con semilla, sin desmotar"",2012,ha,,528221.0"
"Argentina,""Algodón con semilla, sin desmotar"",2012,toneladas,708650.0,"
"Argentina,""Algodón con semilla, sin desmotar"",2013,ha,,342755.0"
"Argentina,""Algodón con semilla, sin desmotar"",2013,toneladas,520028.0,"
"Argentina,""Algodón con semilla, sin desmotar"",2014,ha,,512821.0"
"Argentina,""Algodón con semilla, sin desmotar"",2014,toneladas,1019653.0,"
"Argentina,""Algodón con semilla, sin desmotar"",2015,ha,,455745.0"
"Argentina,""Algodón con semilla, sin desmotar"",2015,toneladas,795345.0,"
"Argentina,""Algodón con semilla, sin desmotar"",2016,ha,,376780.0"
"Argentina,""Algodón con semilla, sin desmotar"",2016,toneladas,673145.0,"
"Argentina,""Algodón con semilla, sin desmotar"",2017,ha,,253310.0"
"Argentina,""Algodón con semilla, sin desmotar"",2017,toneladas,616160.0,"
"Argentina,""Algodón con semilla, sin desmotar"",2018,ha,,319285.0"
"Argentina,""Algodón con semilla, sin desmotar"",2018,toneladas,813692.0,"
"Argentina,""Algodón con semilla, sin desmotar"",2019,ha,,332896.0"
"Argentina,""Algodón con semilla, sin desmotar"",2019,toneladas,872721.0,"
"Argentina,""Algodón con semilla, sin desmotar"",2020,ha,,413550.0"
"Argentina,""Algodón con semilla, sin desmotar"",2020,toneladas,1046043.0,"
"Argentina,""Algodón con semilla, sin desmotar"",2021,ha,,406324.0"
"Argentina,""Algodón con semilla, sin desmotar"",2021,toneladas,1040334.0,"
Argentina,Almendras con cáscara,2010,ha,,300.0
Argentina,Almendras con cáscara,2010,toneladas,620.0,
Argentina,Almendras con cáscara,2011,ha,,300.0
Argentina,Almendras con cáscara,2011,toneladas,620.0,
Argentina,Almendras con cáscara,2012,ha,,400.0
Argentina,Almendras con cáscara,2012,toneladas,650.0,
Argentina,Almendras con cáscara,2013,ha,,384.0
Argentina,Almendras con cáscara,2013,toneladas,669.03,
Argentina,Almendras con cáscara,2014,ha,,372.0
Argentina,Almendras con cáscara,2014,toneladas,689.19,
Argentina,Almendras con cáscara,2015,ha,,382.0
Argentina,Almendras con cáscara,2015,toneladas,714.86,
Argentina,Almendras con cáscara,2016,ha,,396.0
Argentina,Almendras con cáscara,2016,toneladas,691.02,
Argentina,Almendras con cáscara,2017,ha,,389.0
Argentina,Almendras con cáscara,2017,toneladas,688.42,
Argentina,Almendras con cáscara,2018,ha,,389.0
Argentina,Almendras con cáscara,2018,toneladas,698.1,
Argentina,Almendras con cáscara,2019,ha,,392.0
Argentina,Almendras con cáscara,2019,toneladas,692.51,
Argentina,Almendras con cáscara,2020,ha,,390.0
Argentina,Almendras con cáscara,2020,toneladas,693.01,
Argentina,Almendras con cáscara,2021,ha,,390.0
Argentina,Almendras con cáscara,2021,toneladas,694.54,
Argentina,Alpiste,2010,ha,,10480.0
Argentina,Alpiste,2010,toneladas,9765.0,
Argentina,Alpiste,2011,ha,,16685.0
Argentina,Alpiste,2011,toneladas,27421.0,
Argentina,Alpiste,2012,ha,,14270.0
Argentina,Alpiste,2012,toneladas,23280.0,
Argentina,Alpiste,2013,ha,,13940.0
Argentina,Alpiste,2013,toneladas,18204.0,
Argentina,Alpiste,2014,ha,,28270.0
Argentina,Alpiste,2014,toneladas,52970.0,
Argentina,Alpiste,2015,ha,,26129.0
Argentina,Alpiste,2015,toneladas,31657.0,
Argentina,Alpiste,2016,ha,,19314.0
Argentina,Alpiste,2016,toneladas,29479.0,
Argentina,Alpiste,2017,ha,,31740.0
Argentina,Alpiste,2017,toneladas,44354.0,
Argentina,Alpiste,2018,ha,,14495.0
Argentina,Alpiste,2018,toneladas,22278.0,
Argentina,Alpiste,2019,ha,,26708.0
Argentina,Alpiste,2019,toneladas,41137.0,
Argentina,Alpiste,2020,ha,,14754.0
Argentina,Alpiste,2020,toneladas,20544.0,
Argentina,Alpiste,2021,ha,,30272.0
Argentina,Alpiste,2021,toneladas,44328.0,
Argentina,Altramuz,2010,ha,,99.0
Argentina,Altramuz,2010,toneladas,152.5,
Argentina,Altramuz,2011,ha,,103.0
Argentina,Altramuz,2011,toneladas,155.24,
Argentina,Altramuz,2012,ha,,110.0
Argentina,Altramuz,2012,toneladas,160.0,
Argentina,Altramuz,2013,ha,,100.0
Argentina,Altramuz,2013,toneladas,154.0,
Argentina,Altramuz,2014,ha,,101.0
Argentina,Altramuz,2014,toneladas,157.74,
Argentina,Altramuz,2015,ha,,110.0
Argentina,Altramuz,2015,toneladas,165.67,
Argentina,Altramuz,2016,ha,,104.0
Argentina,Altramuz,2016,toneladas,159.14,
Argentina,Altramuz,2017,ha,,105.0
Argentina,Altramuz,2017,toneladas,162.14,
Argentina,Altramuz,2018,ha,,106.0
Argentina,Altramuz,2018,toneladas,162.32,
Argentina,Altramuz,2019,ha,,105.0
Argentina,Altramuz,2019,toneladas,161.2,
Argentina,Altramuz,2020,ha,,106.0
Argentina,Altramuz,2020,toneladas,161.88,
Argentina,Altramuz,2021,ha,,106.0
Argentina,Altramuz,2021,toneladas,161.8,
"Argentina,""Anís, badiana, cilantro, comino, alcaravea, hinojo y bayas de enebro, en bruto"",2010,ha,,3339.0"
"Argentina,""Anís, badiana, cilantro, comino, alcaravea, hinojo y bayas de enebro, en bruto"",2010,toneladas,2741.1,"
"Argentina,""Anís, badiana, cilantro, comino, alcaravea, hinojo y bayas de enebro, en bruto"",2011,ha,,3334.0"
"Argentina,""Anís, badiana, cilantro, comino, alcaravea, hinojo y bayas de enebro, en bruto"",2011,toneladas,2781.45,"
"Argentina,""Anís, badiana, cilantro, comino, alcaravea, hinojo y bayas de enebro, en bruto"",2012,ha,,3200.0"
"Argentina,""Anís, badiana, cilantro, comino, alcaravea, hinojo y bayas de enebro, en bruto"",2012,toneladas,2900.0,"
"Argentina,""Anís, badiana, cilantro, comino, alcaravea, hinojo y bayas de enebro, en bruto"",2013,ha,,3322.0"
"Argentina,""Anís, badiana, cilantro, comino, alcaravea, hinojo y bayas de enebro, en bruto"",2013,toneladas,2852.35,"
"Argentina,""Anís, badiana, cilantro, comino, alcaravea, hinojo y bayas de enebro, en bruto"",2014,ha,,4341.0"
"Argentina,""Anís, badiana, cilantro, comino, alcaravea, hinojo y bayas de enebro, en bruto"",2014,toneladas,3680.0,"
"Argentina,""Anís, badiana, cilantro, comino, alcaravea, hinojo y bayas de enebro, en bruto"",2015,ha,,8431.0"
"Argentina,""Anís, badiana, cilantro, comino, alcaravea, hinojo y bayas de enebro, en bruto"",2015,toneladas,7290.0,"
"Argentina,""Anís, badiana, cilantro, comino, alcaravea, hinojo y bayas de enebro, en bruto"",2016,ha,,10021.0"
"Argentina,""Anís, badiana, cilantro, comino, alcaravea, hinojo y bayas de enebro, en bruto"",2016,toneladas,8700.0,"
"Argentina,""Anís, badiana, cilantro, comino, alcaravea, hinojo y bayas de enebro, en bruto"",2017,ha,,8763.0"
"Argentina,""Anís, badiana, cilantro, comino, alcaravea, hinojo y bayas de enebro, en bruto"",2017,toneladas,7620.33,"
"Argentina,""Anís, badiana, cilantro, comino, alcaravea, hinojo y bayas de enebro, en bruto"",2018,ha,,7483.0"
"Argentina,""Anís, badiana, cilantro, comino, alcaravea, hinojo y bayas de enebro, en bruto"",2018,toneladas,6540.0,"
"Argentina,""Anís, badiana, cilantro, comino, alcaravea, hinojo y bayas de enebro, en bruto"",2019,ha,,6728.0"
"Argentina,""Anís, badiana, cilantro, comino, alcaravea, hinojo y bayas de enebro, en bruto"",2019,toneladas,5936.82,"
"Argentina,""Anís, badiana, cilantro, comino, alcaravea, hinojo y bayas de enebro, en bruto"",2020,ha,,7568.0"
"Argentina,""Anís, badiana, cilantro, comino, alcaravea, hinojo y bayas de enebro, en bruto"",2020,toneladas,6718.02,"
"Argentina,""Anís, badiana, cilantro, comino, alcaravea, hinojo y bayas de enebro, en bruto"",2021,ha,,7879.0"
"Argentina,""Anís, badiana, cilantro, comino, alcaravea, hinojo y bayas de enebro, en bruto"",2021,toneladas,7035.19,"
Argentina,Arroz,2010,ha,,215670.0
Argentina,Arroz,2010,toneladas,1243259.0,
Argentina,Arroz,2011,ha,,257445.0
Argentina,Arroz,2011,toneladas,1748075.0,
Argentina,Arroz,2012,ha,,235372.0
Argentina,Arroz,2012,toneladas,1567971.0,
Argentina,Arroz,2013,ha,,232700.0
Argentina,Arroz,2013,toneladas,1563450.0,
Argentina,Arroz,2014,ha,,243200.0
Argentina,Arroz,2014,toneladas,1581810.0,
Argentina,Arroz,2015,ha,,232590.0
Argentina,Arroz,2015,toneladas,1558100.0,
Argentina,Arroz,2016,ha,,207740.0
Argentina,Arroz,2016,toneladas,1404980.0,
Argentina,Arroz,2017,ha,,204100.0
Argentina,Arroz,2017,toneladas,1328340.0,
Argentina,Arroz,2018,ha,,198170.0
Argentina,Arroz,2018,toneladas,1367968.0,
Argentina,Arroz,2019,ha,,183285.0
Argentina,Arroz,2019,toneladas,1189866.0,
Argentina,Arroz,2020,ha,,185300.0
Argentina,Arroz,2020,toneladas,1222910.0,
Argentina,Arroz,2021,ha,,199993.0
Argentina,Arroz,2021,toneladas,1453187.0,
Argentina,Avena,2010,ha,,139368.0
Argentina,Avena,2010,toneladas,181990.0,
Argentina,Avena,2011,ha,,284570.0
Argentina,Avena,2011,toneladas,660200.0,
Argentina,Avena,2012,ha,,196135.0
Argentina,Avena,2012,toneladas,414990.0,
Argentina,Avena,2013,ha,,260240.0
Argentina,Avena,2013,toneladas,495940.0,
Argentina,Avena,2014,ha,,226109.0
Argentina,Avena,2014,toneladas,444820.0,
Argentina,Avena,2015,ha,,244528.0
Argentina,Avena,2015,toneladas,524716.0,
Argentina,Avena,2016,ha,,239640.0
Argentina,Avena,2016,toneladas,553435.0,
Argentina,Avena,2017,ha,,321054.0
Argentina,Avena,2017,toneladas,784981.0,
Argentina,Avena,2018,ha,,218399.0
Argentina,Avena,2018,toneladas,491713.0,
Argentina,Avena,2019,ha,,238166.0
Argentina,Avena,2019,toneladas,571630.0,
Argentina,Avena,2020,ha,,322328.0
Argentina,Avena,2020,toneladas,600105.0,
Argentina,Avena,2021,ha,,241925.0
Argentina,Avena,2021,toneladas,506718.0,
"Argentina,""Azucar, caña"",2010,ha,,275315.0"
"Argentina,""Azucar, caña"",2010,toneladas,18889878.0,"
"Argentina,""Azucar, caña"",2011,ha,,305225.0"
"Argentina,""Azucar, caña"",2011,toneladas,19806890.0,"
"Argentina,""Azucar, caña"",2012,ha,,360000.0"
"Argentina,""Azucar, caña"",2012,toneladas,19766388.0,"
"Argentina,""Azucar, caña"",2013,ha,,370000.0"
"Argentina,""Azucar, caña"",2013,toneladas,23700000.0,"
"Argentina,""Azucar, caña"",2014,ha,,376318.0"
"Argentina,""Azucar, caña"",2014,toneladas,21031319.72,"
"Argentina,""Azucar, caña"",2015,ha,,385000.0"
"Argentina,""Azucar, caña"",2015,toneladas,17872791.0,"
"Argentina,""Azucar, caña"",2016,ha,,384129.0"
"Argentina,""Azucar, caña"",2016,toneladas,18436081.66,"
"Argentina,""Azucar, caña"",2017,ha,,381816.0"
"Argentina,""Azucar, caña"",2017,toneladas,18899810.13,"
"Argentina,""Azucar, caña"",2018,ha,,383648.0"
"Argentina,""Azucar, caña"",2018,toneladas,18556010.7,"
"Argentina,""Azucar, caña"",2019,ha,,383198.0"
"Argentina,""Azucar, caña"",2019,toneladas,18630634.16,"
"Argentina,""Azucar, caña"",2020,ha,,382887.0"
"Argentina,""Azucar, caña"",2020,toneladas,18695485.0,"
"Argentina,""Azucar, caña"",2021,ha,,383244.0"
"Argentina,""Azucar, caña"",2021,toneladas,18627376.62,"
Argentina,Bananos,2010,ha,,8176.0
Argentina,Bananos,2010,toneladas,171038.84,
Argentina,Bananos,2011,ha,,8353.0
Argentina,Bananos,2011,toneladas,174901.47,
Argentina,Bananos,2012,ha,,8360.0
Argentina,Bananos,2012,toneladas,175203.3,
Argentina,Bananos,2013,ha,,8359.0
Argentina,Bananos,2013,toneladas,175334.11,
Argentina,Bananos,2014,ha,,8382.0
Argentina,Bananos,2014,toneladas,175890.64,
Argentina,Bananos,2015,ha,,8394.0
Argentina,Bananos,2015,toneladas,176076.16,
Argentina,Bananos,2016,ha,,8394.0
Argentina,Bananos,2016,toneladas,176237.08,
Argentina,Bananos,2017,ha,,8395.0
Argentina,Bananos,2017,toneladas,176409.63,
Argentina,Bananos,2018,ha,,8402.0
Argentina,Bananos,2018,toneladas,176490.6,
Argentina,Bananos,2019,ha,,8406.0
Argentina,Bananos,2019,toneladas,176216.43,
Argentina,Bananos,2020,ha,,8412.0
Argentina,Bananos,2020,toneladas,176417.73,
Argentina,Bananos,2021,ha,,8418.0
Argentina,Bananos,2021,toneladas,176619.03,
"Argentina,""Batatas, boniatos"",2010,ha,,14686.0"
"Argentina,""Batatas, boniatos"",2010,toneladas,210070.66,"
"Argentina,""Batatas, boniatos"",2011,ha,,13907.0"
"Argentina,""Batatas, boniatos"",2011,toneladas,195665.99,"
"Argentina,""Batatas, boniatos"",2012,ha,,13509.0"
"Argentina,""Batatas, boniatos"",2012,toneladas,187742.99,"
"Argentina,""Batatas, boniatos"",2013,ha,,13090.0"
"Argentina,""Batatas, boniatos"",2013,toneladas,179599.63,"
"Argentina,""Batatas, boniatos"",2014,ha,,12666.0"
"Argentina,""Batatas, boniatos"",2014,toneladas,171549.11,"
"Argentina,""Batatas, boniatos"",2015,ha,,12242.0"
"Argentina,""Batatas, boniatos"",2015,toneladas,163713.42,"
"Argentina,""Batatas, boniatos"",2016,ha,,11822.0"
"Argentina,""Batatas, boniatos"",2016,toneladas,156119.73,"
"Argentina,""Batatas, boniatos"",2017,ha,,11467.0"
"Argentina,""Batatas, boniatos"",2017,toneladas,150409.91,"
"Argentina,""Batatas, boniatos"",2018,ha,,11020.0"
"Argentina,""Batatas, boniatos"",2018,toneladas,142125.23,"
"Argentina,""Batatas, boniatos"",2019,ha,,10000.0"
"Argentina,""Batatas, boniatos"",2019,toneladas,120000.0,"
"Argentina,""Batatas, boniatos"",2020,ha,,10400.0"
"Argentina,""Batatas, boniatos"",2020,toneladas,125000.0,"
"Argentina,""Batatas, boniatos"",2021,ha,,9836.0"
"Argentina,""Batatas, boniatos"",2021,toneladas,122762.27,"
"Argentina,""Calabazas, zapayo, calabaza confitera"",2010,ha,,19386.0"
"Argentina,""Calabazas, zapayo, calabaza confitera"",2010,toneladas,285900.65,"
"Argentina,""Calabazas, zapayo, calabaza confitera"",2011,ha,,19289.0"
"Argentina,""Calabazas, zapayo, calabaza confitera"",2011,toneladas,283183.16,"
"Argentina,""Calabazas, zapayo, calabaza confitera"",2012,ha,,19190.0"
"Argentina,""Calabazas, zapayo, calabaza confitera"",2012,toneladas,280465.68,"
"Argentina,""Calabazas, zapayo, calabaza confitera"",2013,ha,,19091.0"
"Argentina,""Calabazas, zapayo, calabaza confitera"",2013,toneladas,277748.2,"
"Argentina,""Calabazas, zapayo, calabaza confitera"",2014,ha,,18619.0"
"Argentina,""Calabazas, zapayo, calabaza confitera"",2014,toneladas,272229.41,"
"Argentina,""Calabazas, zapayo, calabaza confitera"",2015,ha,,18740.0"
"Argentina,""Calabazas, zapayo, calabaza confitera"",2015,toneladas,271768.77,"
"Argentina,""Calabazas, zapayo, calabaza confitera"",2016,ha,,17994.0"
"Argentina,""Calabazas, zapayo, calabaza confitera"",2016,toneladas,266553.9,"
"Argentina,""Calabazas, zapayo, calabaza confitera"",2017,ha,,17766.0"
"Argentina,""Calabazas, zapayo, calabaza confitera"",2017,toneladas,263224.75,"
"Argentina,""Calabazas, zapayo, calabaza confitera"",2018,ha,,18210.0"
"Argentina,""Calabazas, zapayo, calabaza confitera"",2018,toneladas,264194.16,"
"Argentina,""Calabazas, zapayo, calabaza confitera"",2019,ha,,18527.0"
"Argentina,""Calabazas, zapayo, calabaza confitera"",2019,toneladas,264775.22,"
"Argentina,""Calabazas, zapayo, calabaza confitera"",2020,ha,,18475.0"
"Argentina,""Calabazas, zapayo, calabaza confitera"",2020,toneladas,262916.82,"
"Argentina,""Calabazas, zapayo, calabaza confitera"",2021,ha,,18423.0"
"Argentina,""Calabazas, zapayo, calabaza confitera"",2021,toneladas,261058.41,"
Argentina,Cebada,2010,ha,,746435.0
Argentina,Cebada,2010,toneladas,2964075.0,
Argentina,Cebada,2011,ha,,1121278.0
Argentina,Cebada,2011,toneladas,4085770.0,
Argentina,Cebada,2012,ha,,1694545.0
Argentina,Cebada,2012,toneladas,5158180.0,
Argentina,Cebada,2013,ha,,1203306.0
Argentina,Cebada,2013,toneladas,4705160.0,
Argentina,Cebada,2014,ha,,888873.0
Argentina,Cebada,2014,toneladas,2901492.0,
Argentina,Cebada,2015,ha,,888873.0
Argentina,Cebada,2015,toneladas,2901495.0,
Argentina,Cebada,2016,ha,,1246891.0
Argentina,Cebada,2016,toneladas,4938723.0,
Argentina,Cebada,2017,ha,,870213.0
Argentina,Cebada,2017,toneladas,3741158.0,
Argentina,Cebada,2018,ha,,1209995.0
Argentina,Cebada,2018,toneladas,5061069.0,
Argentina,Cebada,2019,ha,,1121449.0
Argentina,Cebada,2019,toneladas,3784823.0,
Argentina,Cebada,2020,ha,,1091236.0
Argentina,Cebada,2020,toneladas,4483062.0,
Argentina,Cebada,2021,ha,,1006503.0
Argentina,Cebada,2021,toneladas,4036130.0,
"Argentina,""Cebollas y chalotes, secos (excepto deshidratados)"",2010,ha,,24118.0"
"Argentina,""Cebollas y chalotes, secos (excepto deshidratados)"",2010,toneladas,663795.33,"
"Argentina,""Cebollas y chalotes, secos (excepto deshidratados)"",2011,ha,,24162.0"
"Argentina,""Cebollas y chalotes, secos (excepto deshidratados)"",2011,toneladas,660770.63,"
"Argentina,""Cebollas y chalotes, secos (excepto deshidratados)"",2012,ha,,24464.0"
"Argentina,""Cebollas y chalotes, secos (excepto deshidratados)"",2012,toneladas,664796.57,"
"Argentina,""Cebollas y chalotes, secos (excepto deshidratados)"",2013,ha,,24642.0"
"Argentina,""Cebollas y chalotes, secos (excepto deshidratados)"",2013,toneladas,665439.14,"
"Argentina,""Cebollas y chalotes, secos (excepto deshidratados)"",2014,ha,,25300.0"
"Argentina,""Cebollas y chalotes, secos (excepto deshidratados)"",2014,toneladas,673701.47,"
"Argentina,""Cebollas y chalotes, secos (excepto deshidratados)"",2015,ha,,25490.0"
"Argentina,""Cebollas y chalotes, secos (excepto deshidratados)"",2015,toneladas,668251.68,"
"Argentina,""Cebollas y chalotes, secos (excepto deshidratados)"",2016,ha,,24000.0"
"Argentina,""Cebollas y chalotes, secos (excepto deshidratados)"",2016,toneladas,600000.0,"
"Argentina,""Cebollas y chalotes, secos (excepto deshidratados)"",2017,ha,,23614.0"
"Argentina,""Cebollas y chalotes, secos (excepto deshidratados)"",2017,toneladas,665408.0,"
"Argentina,""Cebollas y chalotes, secos (excepto deshidratados)"",2018,ha,,23181.0"
"Argentina,""Cebollas y chalotes, secos (excepto deshidratados)"",2018,toneladas,670429.62,"
"Argentina,""Cebollas y chalotes, secos (excepto deshidratados)"",2019,ha,,22800.0"
"Argentina,""Cebollas y chalotes, secos (excepto deshidratados)"",2019,toneladas,673385.18,"
"Argentina,""Cebollas y chalotes, secos (excepto deshidratados)"",2020,ha,,22434.0"
"Argentina,""Cebollas y chalotes, secos (excepto deshidratados)"",2020,toneladas,676669.42,"
"Argentina,""Cebollas y chalotes, secos (excepto deshidratados)"",2021,ha,,16000.0"
"Argentina,""Cebollas y chalotes, secos (excepto deshidratados)"",2021,toneladas,600000.0,"
Argentina,Centeno,2010,ha,,26430.0
Argentina,Centeno,2010,toneladas,25135.0,
Argentina,Centeno,2011,ha,,24100.0
Argentina,Centeno,2011,toneladas,44460.0,
Argentina,Centeno,2012,ha,,23405.0
Argentina,Centeno,2012,toneladas,43110.0,
Argentina,Centeno,2013,ha,,22725.0
Argentina,Centeno,2013,toneladas,39700.0,
Argentina,Centeno,2014,ha,,31965.0
Argentina,Centeno,2014,toneladas,52130.0,
Argentina,Centeno,2015,ha,,51112.0
Argentina,Centeno,2015,toneladas,97398.0,
Argentina,Centeno,2016,ha,,34390.0
Argentina,Centeno,2016,toneladas,60676.0,
Argentina,Centeno,2017,ha,,40890.0
Argentina,Centeno,2017,toneladas,78810.0,
Argentina,Centeno,2018,ha,,45034.0
Argentina,Centeno,2018,toneladas,86098.0,
Argentina,Centeno,2019,ha,,49321.0
Argentina,Centeno,2019,toneladas,86566.0,
Argentina,Centeno,2020,ha,,108532.0
Argentina,Centeno,2020,toneladas,221201.0,
Argentina,Centeno,2021,ha,,86000.0
Argentina,Centeno,2021,toneladas,135945.0,
Argentina,Cereales n.c.p.,2010,ha,,26000.0
Argentina,Cereales n.c.p.,2010,toneladas,18978.0,
Argentina,Cereales n.c.p.,2011,ha,,26000.0
Argentina,Cereales n.c.p.,2011,toneladas,16459.0,
Argentina,Cereales n.c.p.,2012,ha,,37000.0
Argentina,Cereales n.c.p.,2012,toneladas,14750.0,
Argentina,Cereales n.c.p.,2013,ha,,28000.0
Argentina,Cereales n.c.p.,2013,toneladas,19500.0,
Argentina,Cereales n.c.p.,2014,ha,,25498.0
Argentina,Cereales n.c.p.,2014,toneladas,16269.58,
Argentina,Cereales n.c.p.,2015,ha,,25377.0
Argentina,Cereales n.c.p.,2015,toneladas,16112.03,
Argentina,Cereales n.c.p.,2016,ha,,26002.0
Argentina,Cereales n.c.p.,2016,toneladas,16736.97,
Argentina,Cereales n.c.p.,2017,ha,,25728.0
Argentina,Cereales n.c.p.,2017,toneladas,16549.56,
Argentina,Cereales n.c.p.,2018,ha,,25309.0
Argentina,Cereales n.c.p.,2018,toneladas,16227.02,
Argentina,Cereales n.c.p.,2019,ha,,25376.0
Argentina,Cereales n.c.p.,2019,toneladas,16229.66,
Argentina,Cereales n.c.p.,2020,ha,,25493.0
Argentina,Cereales n.c.p.,2020,toneladas,16267.88,
Argentina,Cereales n.c.p.,2021,ha,,25610.0
Argentina,Cereales n.c.p.,2021,toneladas,16306.11,
Argentina,Cerezas,2010,ha,,1800.0
Argentina,Cerezas,2010,toneladas,7575.97,
Argentina,Cerezas,2011,ha,,1790.0
Argentina,Cerezas,2011,toneladas,7069.84,
Argentina,Cerezas,2012,ha,,1800.0
Argentina,Cerezas,2012,toneladas,6500.0,
Argentina,Cerezas,2013,ha,,2052.0
Argentina,Cerezas,2013,toneladas,6939.63,
Argentina,Cerezas,2014,ha,,2243.0
Argentina,Cerezas,2014,toneladas,7086.9,
Argentina,Cerezas,2015,ha,,2255.0
Argentina,Cerezas,2015,toneladas,7114.62,
Argentina,Cerezas,2016,ha,,2183.0
Argentina,Cerezas,2016,toneladas,7175.98,
Argentina,Cerezas,2017,ha,,2123.0
Argentina,Cerezas,2017,toneladas,7246.45,
Argentina,Cerezas,2018,ha,,2187.0
Argentina,Cerezas,2018,toneladas,7314.44,
Argentina,Cerezas,2019,ha,,2164.0
Argentina,Cerezas,2019,toneladas,7326.74,
Argentina,Cerezas,2020,ha,,2158.0
Argentina,Cerezas,2020,toneladas,7363.58,
Argentina,Cerezas,2021,ha,,2170.0
Argentina,Cerezas,2021,toneladas,7400.42,
Argentina,Ciruelas y endrinas,2010,ha,,19427.0
Argentina,Ciruelas y endrinas,2010,toneladas,183000.0,
Argentina,Ciruelas y endrinas,2011,ha,,8569.0
Argentina,Ciruelas y endrinas,2011,toneladas,83000.0,
Argentina,Ciruelas y endrinas,2012,ha,,30377.0
Argentina,Ciruelas y endrinas,2012,toneladas,269000.0,
Argentina,Ciruelas y endrinas,2013,ha,,12000.0
Argentina,Ciruelas y endrinas,2013,toneladas,36000.0,
Argentina,Ciruelas y endrinas,2014,ha,,25660.0
Argentina,Ciruelas y endrinas,2014,toneladas,178000.0,
Argentina,Ciruelas y endrinas,2015,ha,,18510.0
Argentina,Ciruelas y endrinas,2015,toneladas,161000.0,
Argentina,Ciruelas y endrinas,2016,ha,,17253.0
Argentina,Ciruelas y endrinas,2016,toneladas,150229.0,
Argentina,Ciruelas y endrinas,2017,ha,,16703.0
Argentina,Ciruelas y endrinas,2017,toneladas,39110.0,
Argentina,Ciruelas y endrinas,2018,ha,,16481.0
Argentina,Ciruelas y endrinas,2018,toneladas,176000.0,
Argentina,Ciruelas y endrinas,2019,ha,,12424.0
Argentina,Ciruelas y endrinas,2019,toneladas,52517.0,
Argentina,Ciruelas y endrinas,2020,ha,,9693.0
Argentina,Ciruelas y endrinas,2020,toneladas,64825.0,
Argentina,Ciruelas y endrinas,2021,ha,,9189.0
Argentina,Ciruelas y endrinas,2021,toneladas,60684.0,
Argentina,Colza o semillas de colza,2010,ha,,11525.0
Argentina,Colza o semillas de colza,2010,toneladas,17215.0,
Argentina,Colza o semillas de colza,2011,ha,,12405.0
Argentina,Colza o semillas de colza,2011,toneladas,23335.0,
Argentina,Colza o semillas de colza,2012,ha,,29465.0
Argentina,Colza o semillas de colza,2012,toneladas,50620.0,
Argentina,Colza o semillas de colza,2013,ha,,87555.0
Argentina,Colza o semillas de colza,2013,toneladas,128320.0,
Argentina,Colza o semillas de colza,2014,ha,,69305.0
Argentina,Colza o semillas de colza,2014,toneladas,111900.0,
Argentina,Colza o semillas de colza,2015,ha,,54600.0
Argentina,Colza o semillas de colza,2015,toneladas,104849.0,
Argentina,Colza o semillas de colza,2016,ha,,35410.0
Argentina,Colza o semillas de colza,2016,toneladas,67381.0,
Argentina,Colza o semillas de colza,2017,ha,,24930.0
Argentina,Colza o semillas de colza,2017,toneladas,49840.0,
Argentina,Colza o semillas de colza,2018,ha,,18220.0
Argentina,Colza o semillas de colza,2018,toneladas,35449.0,
Argentina,Colza o semillas de colza,2019,ha,,18574.0
Argentina,Colza o semillas de colza,2019,toneladas,39689.0,
Argentina,Colza o semillas de colza,2020,ha,,16562.0
Argentina,Colza o semillas de colza,2020,toneladas,32514.0,
Argentina,Colza o semillas de colza,2021,ha,,17936.0
Argentina,Colza o semillas de colza,2021,toneladas,17868.0,
Argentina,Conos de lúpulo,2010,ha,,370.0
Argentina,Conos de lúpulo,2010,toneladas,450.0,
Argentina,Conos de lúpulo,2011,ha,,370.0
Argentina,Conos de lúpulo,2011,toneladas,450.0,
Argentina,Conos de lúpulo,2012,ha,,370.0
Argentina,Conos de lúpulo,2012,toneladas,450.0,
Argentina,Conos de lúpulo,2013,ha,,370.0
Argentina,Conos de lúpulo,2013,toneladas,450.84,
Argentina,Conos de lúpulo,2014,ha,,372.0
Argentina,Conos de lúpulo,2014,toneladas,453.33,
Argentina,Conos de lúpulo,2015,ha,,381.0
Argentina,Conos de lúpulo,2015,toneladas,465.45,
Argentina,Conos de lúpulo,2016,ha,,386.0
Argentina,Conos de lúpulo,2016,toneladas,471.26,
Argentina,Conos de lúpulo,2017,ha,,391.0
Argentina,Conos de lúpulo,2017,toneladas,477.96,
Argentina,Conos de lúpulo,2018,ha,,396.0
Argentina,Conos de lúpulo,2018,toneladas,485.11,
Argentina,Conos de lúpulo,2019,ha,,391.0
Argentina,Conos de lúpulo,2019,toneladas,478.11,
Argentina,Conos de lúpulo,2020,ha,,393.0
Argentina,Conos de lúpulo,2020,toneladas,480.4,
Argentina,Conos de lúpulo,2021,ha,,393.0
Argentina,Conos de lúpulo,2021,toneladas,481.21,
Argentina,Esparragos,2010,ha,,2227.0
Argentina,Esparragos,2010,toneladas,8812.3,
Argentina,Esparragos,2011,ha,,2339.0
Argentina,Esparragos,2011,toneladas,9248.23,
Argentina,Esparragos,2012,ha,,2650.0
Argentina,Esparragos,2012,toneladas,10500.0,
Argentina,Esparragos,2013,ha,,2555.0
Argentina,Esparragos,2013,toneladas,10100.3,
Argentina,Esparragos,2014,ha,,2574.0
Argentina,Esparragos,2014,toneladas,10183.7,
Argentina,Esparragos,2015,ha,,2662.0
Argentina,Esparragos,2015,toneladas,10579.93,
Argentina,Esparragos,2016,ha,,2597.0
Argentina,Esparragos,2016,toneladas,10287.98,
Argentina,Esparragos,2017,ha,,2615.0
Argentina,Esparragos,2017,toneladas,10342.28,
Argentina,Esparragos,2018,ha,,2624.0
Argentina,Esparragos,2018,toneladas,10403.4,
Argentina,Esparragos,2019,ha,,2612.0
Argentina,Esparragos,2019,toneladas,10344.55,
Argentina,Esparragos,2020,ha,,2617.0
Argentina,Esparragos,2020,toneladas,10363.41,
Argentina,Esparragos,2021,ha,,2618.0
Argentina,Esparragos,2021,toneladas,10370.46,
Argentina,Fresas,2010,ha,,1115.0
Argentina,Fresas,2010,toneladas,12500.0,
Argentina,Fresas,2011,ha,,1101.0
Argentina,Fresas,2011,toneladas,12688.76,
Argentina,Fresas,2012,ha,,1000.0
Argentina,Fresas,2012,toneladas,13200.0,
Argentina,Fresas,2013,ha,,1089.0
Argentina,Fresas,2013,toneladas,13230.93,
Argentina,Fresas,2014,ha,,1070.0
Argentina,Fresas,2014,toneladas,13305.97,
Argentina,Fresas,2015,ha,,1072.0
Argentina,Fresas,2015,toneladas,13766.15,
Argentina,Fresas,2016,ha,,1080.0
Argentina,Fresas,2016,toneladas,13434.35,
Argentina,Fresas,2017,ha,,1040.0
Argentina,Fresas,2017,toneladas,13312.32,
Argentina,Fresas,2018,ha,,1036.0
Argentina,Fresas,2018,toneladas,13758.44,
Argentina,Fresas,2019,ha,,1052.0
Argentina,Fresas,2019,toneladas,13828.18,
Argentina,Fresas,2020,ha,,1043.0
Argentina,Fresas,2020,toneladas,13927.89,
Argentina,Fresas,2021,ha,,1044.0
Argentina,Fresas,2021,toneladas,14036.6,
"Argentina,""Frijoles, secos"",2010,ha,,268105.0"
"Argentina,""Frijoles, secos"",2010,toneladas,338120.0,"
"Argentina,""Frijoles, secos"",2011,ha,,272745.0"
"Argentina,""Frijoles, secos"",2011,toneladas,332782.0,"
"Argentina,""Frijoles, secos"",2012,ha,,299963.0"
"Argentina,""Frijoles, secos"",2012,toneladas,361153.0,"
"Argentina,""Frijoles, secos"",2013,ha,,144540.0"
"Argentina,""Frijoles, secos"",2013,toneladas,96109.0,"
"Argentina,""Frijoles, secos"",2014,ha,,350150.0"
"Argentina,""Frijoles, secos"",2014,toneladas,429832.0,"
"Argentina,""Frijoles, secos"",2015,ha,,436560.0"
"Argentina,""Frijoles, secos"",2015,toneladas,604817.0,"
"Argentina,""Frijoles, secos"",2016,ha,,361135.0"
"Argentina,""Frijoles, secos"",2016,toneladas,366588.0,"
"Argentina,""Frijoles, secos"",2017,ha,,415340.0"
"Argentina,""Frijoles, secos"",2017,toneladas,413605.0,"
"Argentina,""Frijoles, secos"",2018,ha,,416209.0"
"Argentina,""Frijoles, secos"",2018,toneladas,473389.0,"
"Argentina,""Frijoles, secos"",2019,ha,,419927.0"
"Argentina,""Frijoles, secos"",2019,toneladas,578713.0,"
"Argentina,""Frijoles, secos"",2020,ha,,488232.0"
"Argentina,""Frijoles, secos"",2020,toneladas,633823.0,"
"Argentina,""Frijoles, secos"",2021,ha,,523218.0"
"Argentina,""Frijoles, secos"",2021,toneladas,758750.0,"
Argentina,Garbanzos secos,2010,ha,,17500.0
Argentina,Garbanzos secos,2010,toneladas,19500.0,
Argentina,Garbanzos secos,2011,ha,,30500.0
Argentina,Garbanzos secos,2011,toneladas,58000.0,
Argentina,Garbanzos secos,2012,ha,,48400.0
Argentina,Garbanzos secos,2012,toneladas,92000.0,
Argentina,Garbanzos secos,2013,ha,,39500.0
Argentina,Garbanzos secos,2013,toneladas,75000.0,
Argentina,Garbanzos secos,2014,ha,,42500.0
Argentina,Garbanzos secos,2014,toneladas,88000.0,
Argentina,Garbanzos secos,2015,ha,,55000.0
Argentina,Garbanzos secos,2015,toneladas,104000.0,
Argentina,Garbanzos secos,2016,ha,,29000.0
Argentina,Garbanzos secos,2016,toneladas,60000.0,
Argentina,Garbanzos secos,2017,ha,,100454.0
Argentina,Garbanzos secos,2017,toneladas,184000.0,
Argentina,Garbanzos secos,2018,ha,,86512.0
Argentina,Garbanzos secos,2018,toneladas,144541.0,
Argentina,Garbanzos secos,2019,ha,,137607.0
Argentina,Garbanzos secos,2019,toneladas,189860.0,
Argentina,Garbanzos secos,2020,ha,,112549.0
Argentina,Garbanzos secos,2020,toneladas,177061.0,
Argentina,Garbanzos secos,2021,ha,,78461.0
Argentina,Garbanzos secos,2021,toneladas,84709.0,
Argentina,Grano se soja,2010,ha,,18130800.0
Argentina,Grano se soja,2010,toneladas,52675464.0,
Argentina,Grano se soja,2011,ha,,18764850.0
Argentina,Grano se soja,2011,toneladas,48888536.0,
Argentina,Grano se soja,2012,ha,,17577320.0
Argentina,Grano se soja,2012,toneladas,40100196.0,
Argentina,Grano se soja,2013,ha,,19418824.0
Argentina,Grano se soja,2013,toneladas,49306200.0,
Argentina,Grano se soja,2014,ha,,19252552.0
Argentina,Grano se soja,2014,toneladas,53397715.0,
Argentina,Grano se soja,2015,ha,,19352115.0
Argentina,Grano se soja,2015,toneladas,61446556.0,
Argentina,Grano se soja,2016,ha,,19504648.0
Argentina,Grano se soja,2016,toneladas,58799258.0,
Argentina,Grano se soja,2017,ha,,17335102.0
Argentina,Grano se soja,2017,toneladas,54971626.0,
Argentina,Grano se soja,2018,ha,,16318060.0
Argentina,Grano se soja,2018,toneladas,37787927.0,
Argentina,Grano se soja,2019,ha,,16575887.0
Argentina,Grano se soja,2019,toneladas,55263891.0,
Argentina,Grano se soja,2020,ha,,16721424.0
Argentina,Grano se soja,2020,toneladas,48796661.0,
Argentina,Grano se soja,2021,ha,,16466714.0
Argentina,Grano se soja,2021,toneladas,46217911.0,
"Argentina,""Guisantes, secos"",2010,ha,,69000.0"
"Argentina,""Guisantes, secos"",2010,toneladas,110000.0,"
"Argentina,""Guisantes, secos"",2011,ha,,75000.0"
"Argentina,""Guisantes, secos"",2011,toneladas,120000.0,"
"Argentina,""Guisantes, secos"",2012,ha,,100000.0"
"Argentina,""Guisantes, secos"",2012,toneladas,160000.0,"
"Argentina,""Guisantes, secos"",2013,ha,,50000.0"
"Argentina,""Guisantes, secos"",2013,toneladas,80000.0,"
"Argentina,""Guisantes, secos"",2014,ha,,85000.0"
"Argentina,""Guisantes, secos"",2014,toneladas,145000.0,"
"Argentina,""Guisantes, secos"",2015,ha,,130000.0"
"Argentina,""Guisantes, secos"",2015,toneladas,208000.0,"
"Argentina,""Guisantes, secos"",2016,ha,,88000.0"
"Argentina,""Guisantes, secos"",2016,toneladas,140000.0,"
"Argentina,""Guisantes, secos"",2017,ha,,64058.0"
"Argentina,""Guisantes, secos"",2017,toneladas,120000.0,"
"Argentina,""Guisantes, secos"",2018,ha,,54323.0"
"Argentina,""Guisantes, secos"",2018,toneladas,109736.0,"
"Argentina,""Guisantes, secos"",2019,ha,,58586.0"
"Argentina,""Guisantes, secos"",2019,toneladas,136243.0,"
"Argentina,""Guisantes, secos"",2020,ha,,78805.0"
"Argentina,""Guisantes, secos"",2020,toneladas,195676.0,"
"Argentina,""Guisantes, secos"",2021,ha,,86700.0"
"Argentina,""Guisantes, secos"",2021,toneladas,193999.0,"
"Argentina,""Guisantes, verdes"",2010,ha,,13300.0"
"Argentina,""Guisantes, verdes"",2010,toneladas,27168.92,"
"Argentina,""Guisantes, verdes"",2011,ha,,13425.0"
"Argentina,""Guisantes, verdes"",2011,toneladas,27418.31,"
"Argentina,""Guisantes, verdes"",2012,ha,,13500.0"
"Argentina,""Guisantes, verdes"",2012,toneladas,28000.0,"
"Argentina,""Guisantes, verdes"",2013,ha,,13698.0"
"Argentina,""Guisantes, verdes"",2013,toneladas,27876.13,"
"Argentina,""Guisantes, verdes"",2014,ha,,13898.0"
"Argentina,""Guisantes, verdes"",2014,toneladas,28040.42,"
"Argentina,""Guisantes, verdes"",2015,ha,,13977.0"
"Argentina,""Guisantes, verdes"",2015,toneladas,28302.26,"
"Argentina,""Guisantes, verdes"",2016,ha,,14157.0"
"Argentina,""Guisantes, verdes"",2016,toneladas,28507.33,"
"Argentina,""Guisantes, verdes"",2017,ha,,14343.0"
"Argentina,""Guisantes, verdes"",2017,toneladas,28730.1,"
"Argentina,""Guisantes, verdes"",2018,ha,,14445.0"
"Argentina,""Guisantes, verdes"",2018,toneladas,28938.37,"
"Argentina,""Guisantes, verdes"",2019,ha,,14548.0"
"Argentina,""Guisantes, verdes"",2019,toneladas,29186.07,"
"Argentina,""Guisantes, verdes"",2020,ha,,14676.0"
"Argentina,""Guisantes, verdes"",2020,toneladas,29392.06,"
"Argentina,""Guisantes, verdes"",2021,ha,,14556.0"
"Argentina,""Guisantes, verdes"",2021,toneladas,29598.05,"
"Argentina,""Habas y haba caballar, secas"",2010,ha,,1750.0"
"Argentina,""Habas y haba caballar, secas"",2010,toneladas,15784.16,"
"Argentina,""Habas y haba caballar, secas"",2011,ha,,1765.0"
"Argentina,""Habas y haba caballar, secas"",2011,toneladas,15855.79,"
"Argentina,""Habas y haba caballar, secas"",2012,ha,,1800.0"
"Argentina,""Habas y haba caballar, secas"",2012,toneladas,16000.0,"
"Argentina,""Habas y haba caballar, secas"",2013,ha,,1800.0"
"Argentina,""Habas y haba caballar, secas"",2013,toneladas,16000.0,"
"Argentina,""Habas y haba caballar, secas"",2014,ha,,1806.0"
"Argentina,""Habas y haba caballar, secas"",2014,toneladas,16061.47,"
"Argentina,""Habas y haba caballar, secas"",2015,ha,,1853.0"
"Argentina,""Habas y haba caballar, secas"",2015,toneladas,16556.58,"
"Argentina,""Habas y haba caballar, secas"",2016,ha,,1862.0"
"Argentina,""Habas y haba caballar, secas"",2016,toneladas,16648.08,"
"Argentina,""Habas y haba caballar, secas"",2017,ha,,1867.0"
"Argentina,""Habas y haba caballar, secas"",2017,toneladas,16675.61,"
"Argentina,""Habas y haba caballar, secas"",2018,ha,,1898.0"
"Argentina,""Habas y haba caballar, secas"",2018,toneladas,16906.7,"
"Argentina,""Habas y haba caballar, secas"",2019,ha,,1913.0"
"Argentina,""Habas y haba caballar, secas"",2019,toneladas,17019.11,"
"Argentina,""Habas y haba caballar, secas"",2020,ha,,1931.0"
"Argentina,""Habas y haba caballar, secas"",2020,toneladas,17159.6,"
"Argentina,""Habas y haba caballar, secas"",2021,ha,,1914.0"
"Argentina,""Habas y haba caballar, secas"",2021,toneladas,17028.47,"
Argentina,Higos,2010,ha,,268.0
Argentina,Higos,2010,toneladas,873.04,
Argentina,Higos,2011,ha,,269.0
Argentina,Higos,2011,toneladas,870.59,
Argentina,Higos,2012,ha,,270.0
Argentina,Higos,2012,toneladas,850.0,
Argentina,Higos,2013,ha,,270.0
Argentina,Higos,2013,toneladas,866.26,
Argentina,Higos,2014,ha,,269.0
Argentina,Higos,2014,toneladas,867.82,
Argentina,Higos,2015,ha,,271.0
Argentina,Higos,2015,toneladas,867.98,
Argentina,Higos,2016,ha,,271.0
Argentina,Higos,2016,toneladas,866.79,
Argentina,Higos,2017,ha,,271.0
Argentina,Higos,2017,toneladas,866.06,
Argentina,Higos,2018,ha,,270.0
Argentina,Higos,2018,toneladas,867.49,
Argentina,Higos,2019,ha,,272.0
Argentina,Higos,2019,toneladas,869.26,
Argentina,Higos,2020,ha,,272.0
Argentina,Higos,2020,toneladas,868.82,
Argentina,Higos,2021,ha,,272.0
Argentina,Higos,2021,toneladas,868.37,
Argentina,Hojas de té,2010,ha,,37221.0
Argentina,Hojas de té,2010,toneladas,402000.0,
Argentina,Hojas de té,2011,ha,,36989.0
Argentina,Hojas de té,2011,toneladas,404000.0,
Argentina,Hojas de té,2012,ha,,39322.0
Argentina,Hojas de té,2012,toneladas,360000.0,
Argentina,Hojas de té,2013,ha,,37499.0
Argentina,Hojas de té,2013,toneladas,350000.0,
Argentina,Hojas de té,2014,ha,,38507.0
Argentina,Hojas de té,2014,toneladas,361000.0,
Argentina,Hojas de té,2015,ha,,39600.0
Argentina,Hojas de té,2015,toneladas,359000.0,
Argentina,Hojas de té,2016,ha,,39221.0
Argentina,Hojas de té,2016,toneladas,370000.0,
Argentina,Hojas de té,2017,ha,,39221.0
Argentina,Hojas de té,2017,toneladas,354000.0,
Argentina,Hojas de té,2018,ha,,39611.0
Argentina,Hojas de té,2018,toneladas,360000.0,
Argentina,Hojas de té,2019,ha,,34130.0
Argentina,Hojas de té,2019,toneladas,362000.0,
Argentina,Hojas de té,2020,ha,,32980.0
Argentina,Hojas de té,2020,toneladas,321000.0,
Argentina,Hojas de té,2021,ha,,34867.0
Argentina,Hojas de té,2021,toneladas,339288.41,
Argentina,Hojas de yerba mate,2010,ha,,204221.0
Argentina,Hojas de yerba mate,2010,toneladas,250723.0,
Argentina,Hojas de yerba mate,2011,ha,,178500.0
Argentina,Hojas de yerba mate,2011,toneladas,245399.0,
Argentina,Hojas de yerba mate,2012,ha,,178500.0
Argentina,Hojas de yerba mate,2012,toneladas,250928.0,
Argentina,Hojas de yerba mate,2013,ha,,178995.0
Argentina,Hojas de yerba mate,2013,toneladas,241365.0,
Argentina,Hojas de yerba mate,2014,ha,,177806.0
Argentina,Hojas de yerba mate,2014,toneladas,264688.05,
Argentina,Hojas de yerba mate,2015,ha,,183601.0
Argentina,Hojas de yerba mate,2015,toneladas,285518.0,
Argentina,Hojas de yerba mate,2016,ha,,164789.0
Argentina,Hojas de yerba mate,2016,toneladas,806936.0,
Argentina,Hojas de yerba mate,2017,ha,,169291.0
Argentina,Hojas de yerba mate,2017,toneladas,690100.0,
Argentina,Hojas de yerba mate,2018,ha,,170785.0
Argentina,Hojas de yerba mate,2018,toneladas,809302.0,
Argentina,Hojas de yerba mate,2019,ha,,172650.0
Argentina,Hojas de yerba mate,2019,toneladas,837054.0,
Argentina,Hojas de yerba mate,2020,ha,,177530.0
Argentina,Hojas de yerba mate,2020,toneladas,813454.0,
Argentina,Hojas de yerba mate,2021,ha,,179714.0
Argentina,Hojas de yerba mate,2021,toneladas,841025.05,
Argentina,Judías verdes con hilo,2010,ha,,5899.0
Argentina,Judías verdes con hilo,2010,toneladas,46752.03,
Argentina,Judías verdes con hilo,2011,ha,,5988.0
Argentina,Judías verdes con hilo,2011,toneladas,47053.77,
Argentina,Judías verdes con hilo,2012,ha,,6100.0
Argentina,Judías verdes con hilo,2012,toneladas,47500.0,
Argentina,Judías verdes con hilo,2013,ha,,6172.0
Argentina,Judías verdes con hilo,2013,toneladas,47629.75,
Argentina,Judías verdes con hilo,2014,ha,,6242.0
Argentina,Judías verdes con hilo,2014,toneladas,47808.69,
Argentina,Judías verdes con hilo,2015,ha,,6316.0
Argentina,Judías verdes con hilo,2015,toneladas,48372.55,
Argentina,Judías verdes con hilo,2016,ha,,6397.0
Argentina,Judías verdes con hilo,2016,toneladas,48808.72,
Argentina,Judías verdes con hilo,2017,ha,,6509.0
Argentina,Judías verdes con hilo,2017,toneladas,49125.36,
Argentina,Judías verdes con hilo,2018,ha,,6543.0
Argentina,Judías verdes con hilo,2018,toneladas,49245.74,
Argentina,Judías verdes con hilo,2019,ha,,6618.0
Argentina,Judías verdes con hilo,2019,toneladas,49496.21,
Argentina,Judías verdes con hilo,2020,ha,,6557.0
Argentina,Judías verdes con hilo,2020,toneladas,49773.53,
Argentina,Judías verdes con hilo,2021,ha,,6573.0
Argentina,Judías verdes con hilo,2021,toneladas,50050.85,
Argentina,Lentejas secas,2010,ha,,14400.0
Argentina,Lentejas secas,2010,toneladas,20000.0,
Argentina,Lentejas secas,2011,ha,,17200.0
Argentina,Lentejas secas,2011,toneladas,24000.0,
Argentina,Lentejas secas,2012,ha,,16500.0
Argentina,Lentejas secas,2012,toneladas,23000.0,
Argentina,Lentejas secas,2013,ha,,12200.0
Argentina,Lentejas secas,2013,toneladas,17000.0,
Argentina,Lentejas secas,2014,ha,,20500.0
Argentina,Lentejas secas,2014,toneladas,28500.0,
Argentina,Lentejas secas,2015,ha,,26000.0
Argentina,Lentejas secas,2015,toneladas,34000.0,
Argentina,Lentejas secas,2016,ha,,19000.0
Argentina,Lentejas secas,2016,toneladas,22000.0,
Argentina,Lentejas secas,2017,ha,,18827.0
Argentina,Lentejas secas,2017,toneladas,20000.0,
Argentina,Lentejas secas,2018,ha,,19100.0
Argentina,Lentejas secas,2018,toneladas,18605.0,
Argentina,Lentejas secas,2019,ha,,35632.0
Argentina,Lentejas secas,2019,toneladas,19252.0,
Argentina,Lentejas secas,2020,ha,,32906.0
Argentina,Lentejas secas,2020,toneladas,34476.0,
Argentina,Lentejas secas,2021,ha,,28207.0
Argentina,Lentejas secas,2021,toneladas,20207.0,
Argentina,Limones y limas,2010,ha,,43575.0
Argentina,Limones y limas,2010,toneladas,1113375.0,
Argentina,Limones y limas,2011,ha,,48628.0
Argentina,Limones y limas,2011,toneladas,1756351.0,
Argentina,Limones y limas,2012,ha,,46794.0
Argentina,Limones y limas,2012,toneladas,1456069.0,
Argentina,Limones y limas,2013,ha,,41000.0
Argentina,Limones y limas,2013,toneladas,1485963.0,
Argentina,Limones y limas,2014,ha,,29756.0
Argentina,Limones y limas,2014,toneladas,953890.0,
Argentina,Limones y limas,2015,ha,,50616.0
Argentina,Limones y limas,2015,toneladas,1561606.0,
Argentina,Limones y limas,2016,ha,,51926.0
Argentina,Limones y limas,2016,toneladas,1678337.0,
Argentina,Limones y limas,2017,ha,,53744.0
Argentina,Limones y limas,2017,toneladas,1676000.0,
Argentina,Limones y limas,2018,ha,,57665.0
Argentina,Limones y limas,2018,toneladas,1989400.0,
Argentina,Limones y limas,2019,ha,,50437.0
Argentina,Limones y limas,2019,toneladas,1676403.0,
Argentina,Limones y limas,2020,ha,,34681.0
Argentina,Limones y limas,2020,toneladas,1150000.0,
Argentina,Limones y limas,2021,ha,,41011.0
Argentina,Limones y limas,2021,toneladas,1378020.98,
Argentina,Linaza,2010,ha,,25600.0
Argentina,Linaza,2010,toneladas,32170.0,
Argentina,Linaza,2011,ha,,16630.0
Argentina,Linaza,2011,toneladas,21390.0,
Argentina,Linaza,2012,ha,,14600.0
Argentina,Linaza,2012,toneladas,17070.0,
Argentina,Linaza,2013,ha,,17900.0
Argentina,Linaza,2013,toneladas,20430.0,
Argentina,Linaza,2014,ha,,14700.0
Argentina,Linaza,2014,toneladas,17255.0,
Argentina,Linaza,2015,ha,,17000.0
Argentina,Linaza,2015,toneladas,20085.0,
Argentina,Linaza,2016,ha,,13000.0
Argentina,Linaza,2016,toneladas,16610.0,
Argentina,Linaza,2017,ha,,12400.0
Argentina,Linaza,2017,toneladas,13575.0,
Argentina,Linaza,2018,ha,,14246.0
Argentina,Linaza,2018,toneladas,19515.0,
Argentina,Linaza,2019,ha,,9046.0
Argentina,Linaza,2019,toneladas,9950.0,
Argentina,Linaza,2020,ha,,14246.0
Argentina,Linaza,2020,toneladas,19515.0,
Argentina,Linaza,2021,ha,,11061.0
Argentina,Linaza,2021,toneladas,12358.0,
"Argentina,""Lino, procesado pero sin hilar"",2010,ha,,2977.0"
"Argentina,""Lino, procesado pero sin hilar"",2010,toneladas,2373.45,"
"Argentina,""Lino, procesado pero sin hilar"",2011,ha,,3035.0"
"Argentina,""Lino, procesado pero sin hilar"",2011,toneladas,2478.63,"
"Argentina,""Lino, procesado pero sin hilar"",2012,ha,,3000.0"
"Argentina,""Lino, procesado pero sin hilar"",2012,toneladas,2600.0,"
"Argentina,""Lino, procesado pero sin hilar"",2013,ha,,3000.0"
"Argentina,""Lino, procesado pero sin hilar"",2013,toneladas,2700.0,"
"Argentina,""Lino, procesado pero sin hilar"",2014,ha,,2900.0"
"Argentina,""Lino, procesado pero sin hilar"",2014,toneladas,2568.28,"
"Argentina,""Lino, procesado pero sin hilar"",2015,ha,,2864.0"
"Argentina,""Lino, procesado pero sin hilar"",2015,toneladas,2478.23,"
"Argentina,""Lino, procesado pero sin hilar"",2016,ha,,2921.0"
"Argentina,""Lino, procesado pero sin hilar"",2016,toneladas,2582.17,"
"Argentina,""Lino, procesado pero sin hilar"",2017,ha,,3002.0"
"Argentina,""Lino, procesado pero sin hilar"",2017,toneladas,2542.89,"
"Argentina,""Lino, procesado pero sin hilar"",2018,ha,,2951.0"
"Argentina,""Lino, procesado pero sin hilar"",2018,toneladas,2662.07,"
"Argentina,""Lino, procesado pero sin hilar"",2019,ha,,2929.0"
"Argentina,""Lino, procesado pero sin hilar"",2019,toneladas,2595.71,"
"Argentina,""Lino, procesado pero sin hilar"",2020,ha,,2916.0"
"Argentina,""Lino, procesado pero sin hilar"",2020,toneladas,2600.23,"
"Argentina,""Lino, procesado pero sin hilar"",2021,ha,,2904.0"
"Argentina,""Lino, procesado pero sin hilar"",2021,toneladas,2619.34,"
"Argentina,""Mangos, guayabas y mangostanes"",2010,ha,,265.0"
"Argentina,""Mangos, guayabas y mangostanes"",2010,toneladas,2118.35,"
"Argentina,""Mangos, guayabas y mangostanes"",2011,ha,,264.0"
"Argentina,""Mangos, guayabas y mangostanes"",2011,toneladas,2115.96,"
"Argentina,""Mangos, guayabas y mangostanes"",2012,ha,,270.0"
"Argentina,""Mangos, guayabas y mangostanes"",2012,toneladas,2100.0,"
"Argentina,""Mangos, guayabas y mangostanes"",2013,ha,,265.0"
"Argentina,""Mangos, guayabas y mangostanes"",2013,toneladas,2128.74,"
"Argentina,""Mangos, guayabas y mangostanes"",2014,ha,,267.0"
"Argentina,""Mangos, guayabas y mangostanes"",2014,toneladas,2150.3,"
"Argentina,""Mangos, guayabas y mangostanes"",2015,ha,,270.0"
"Argentina,""Mangos, guayabas y mangostanes"",2015,toneladas,2163.66,"
"Argentina,""Mangos, guayabas y mangostanes"",2016,ha,,271.0"
"Argentina,""Mangos, guayabas y mangostanes"",2016,toneladas,2179.24,"
"Argentina,""Mangos, guayabas y mangostanes"",2017,ha,,272.0"
"Argentina,""Mangos, guayabas y mangostanes"",2017,toneladas,2193.87,"
"Argentina,""Mangos, guayabas y mangostanes"",2018,ha,,274.0"
"Argentina,""Mangos, guayabas y mangostanes"",2018,toneladas,2205.29,"
"Argentina,""Mangos, guayabas y mangostanes"",2019,ha,,274.0"
"Argentina,""Mangos, guayabas y mangostanes"",2019,toneladas,2200.38,"
"Argentina,""Mangos, guayabas y mangostanes"",2020,ha,,275.0"
"Argentina,""Mangos, guayabas y mangostanes"",2020,toneladas,2206.65,"
"Argentina,""Mangos, guayabas y mangostanes"",2021,ha,,275.0"
"Argentina,""Mangos, guayabas y mangostanes"",2021,toneladas,2212.92,"
Argentina,Manzanas,2010,ha,,25213.0
Argentina,Manzanas,2010,toneladas,720000.0,
Argentina,Manzanas,2011,ha,,39829.0
Argentina,Manzanas,2011,toneladas,1150000.0,
Argentina,Manzanas,2012,ha,,35971.0
Argentina,Manzanas,2012,toneladas,1050000.0,
Argentina,Manzanas,2013,ha,,32874.0
Argentina,Manzanas,2013,toneladas,970000.0,
Argentina,Manzanas,2014,ha,,26702.0
Argentina,Manzanas,2014,toneladas,711052.0,
Argentina,Manzanas,2015,ha,,26727.0
Argentina,Manzanas,2015,toneladas,693275.0,
Argentina,Manzanas,2016,ha,,20495.0
Argentina,Manzanas,2016,toneladas,458908.0,
Argentina,Manzanas,2017,ha,,19496.0
Argentina,Manzanas,2017,toneladas,458908.0,
Argentina,Manzanas,2018,ha,,23958.0
Argentina,Manzanas,2018,toneladas,510478.0,
Argentina,Manzanas,2019,ha,,18034.0
Argentina,Manzanas,2019,toneladas,547846.0,
Argentina,Manzanas,2020,ha,,20950.0
Argentina,Manzanas,2020,toneladas,587000.0,
Argentina,Manzanas,2021,ha,,19776.0
Argentina,Manzanas,2021,toneladas,514000.0,
Argentina,Maní con cáscara,2010,ha,,218828.0
Argentina,Maní con cáscara,2010,toneladas,611040.0,
Argentina,Maní con cáscara,2011,ha,,264568.0
Argentina,Maní con cáscara,2011,toneladas,701535.0,
Argentina,Maní con cáscara,2012,ha,,307166.0
Argentina,Maní con cáscara,2012,toneladas,685722.0,
Argentina,Maní con cáscara,2013,ha,,404022.0
Argentina,Maní con cáscara,2013,toneladas,1025857.0,
Argentina,Maní con cáscara,2014,ha,,409312.0
Argentina,Maní con cáscara,2014,toneladas,1165924.0,
Argentina,Maní con cáscara,2015,ha,,424628.0
Argentina,Maní con cáscara,2015,toneladas,1010777.0,
Argentina,Maní con cáscara,2016,ha,,341838.0
Argentina,Maní con cáscara,2016,toneladas,1001113.0,
Argentina,Maní con cáscara,2017,ha,,334050.0
Argentina,Maní con cáscara,2017,toneladas,1031082.0,
Argentina,Maní con cáscara,2018,ha,,443864.0
Argentina,Maní con cáscara,2018,toneladas,921231.0,
Argentina,Maní con cáscara,2019,ha,,387014.0
Argentina,Maní con cáscara,2019,toneladas,1337229.0,
Argentina,Maní con cáscara,2020,ha,,367377.0
Argentina,Maní con cáscara,2020,toneladas,1285431.0,
Argentina,Maní con cáscara,2021,ha,,401756.0
Argentina,Maní con cáscara,2021,toneladas,1267242.0,
Argentina,Maíz,2010,ha,,2904035.0
Argentina,Maíz,2010,toneladas,22663095.0,
Argentina,Maíz,2011,ha,,3747838.0
Argentina,Maíz,2011,toneladas,23799830.0,
Argentina,Maíz,2012,ha,,3696300.0
Argentina,Maíz,2012,toneladas,21196637.0,
Argentina,Maíz,2013,ha,,4863801.0
Argentina,Maíz,2013,toneladas,32119211.0,
Argentina,Maíz,2014,ha,,4836655.0
Argentina,Maíz,2014,toneladas,33087165.0,
Argentina,Maíz,2015,ha,,4626880.0
Argentina,Maíz,2015,toneladas,33817744.0,
Argentina,Maíz,2016,ha,,5346593.0
Argentina,Maíz,2016,toneladas,39792854.0,
Argentina,Maíz,2017,ha,,6530673.0
Argentina,Maíz,2017,toneladas,49475895.0,
Argentina,Maíz,2018,ha,,7138620.0
Argentina,Maíz,2018,toneladas,43462323.0,
Argentina,Maíz,2019,ha,,7232761.0
Argentina,Maíz,2019,toneladas,56860704.0,
Argentina,Maíz,2020,ha,,7730506.0
Argentina,Maíz,2020,toneladas,58395811.0,
Argentina,Maíz,2021,ha,,8146596.0
Argentina,Maíz,2021,toneladas,60525805.0,
Argentina,Melocotones (duraznos) y nectarinas,2010,ha,,20463.0
Argentina,Melocotones (duraznos) y nectarinas,2010,toneladas,266000.0,
Argentina,Melocotones (duraznos) y nectarinas,2011,ha,,18865.0
Argentina,Melocotones (duraznos) y nectarinas,2011,toneladas,261000.0,
Argentina,Melocotones (duraznos) y nectarinas,2012,ha,,19106.0
Argentina,Melocotones (duraznos) y nectarinas,2012,toneladas,294000.0,
Argentina,Melocotones (duraznos) y nectarinas,2013,ha,,12000.0
Argentina,Melocotones (duraznos) y nectarinas,2013,toneladas,83000.0,
Argentina,Melocotones (duraznos) y nectarinas,2014,ha,,18605.0
Argentina,Melocotones (duraznos) y nectarinas,2014,toneladas,250000.0,
Argentina,Melocotones (duraznos) y nectarinas,2015,ha,,12508.0
Argentina,Melocotones (duraznos) y nectarinas,2015,toneladas,266000.0,
Argentina,Melocotones (duraznos) y nectarinas,2016,ha,,12648.0
Argentina,Melocotones (duraznos) y nectarinas,2016,toneladas,250737.0,
Argentina,Melocotones (duraznos) y nectarinas,2017,ha,,12313.0
Argentina,Melocotones (duraznos) y nectarinas,2017,toneladas,89705.0,
Argentina,Melocotones (duraznos) y nectarinas,2018,ha,,11700.0
Argentina,Melocotones (duraznos) y nectarinas,2018,toneladas,226000.0,
Argentina,Melocotones (duraznos) y nectarinas,2019,ha,,11877.0
Argentina,Melocotones (duraznos) y nectarinas,2019,toneladas,198000.0,
Argentina,Melocotones (duraznos) y nectarinas,2020,ha,,6196.0
Argentina,Melocotones (duraznos) y nectarinas,2020,toneladas,101000.0,
Argentina,Melocotones (duraznos) y nectarinas,2021,ha,,10315.0
Argentina,Melocotones (duraznos) y nectarinas,2021,toneladas,167500.0,
Argentina,Melón Cantalupo y otros melones,2010,ha,,5007.0
Argentina,Melón Cantalupo y otros melones,2010,toneladas,81324.68,
Argentina,Melón Cantalupo y otros melones,2011,ha,,5027.0
Argentina,Melón Cantalupo y otros melones,2011,toneladas,81491.86,
Argentina,Melón Cantalupo y otros melones,2012,ha,,5046.0
Argentina,Melón Cantalupo y otros melones,2012,toneladas,81659.03,
Argentina,Melón Cantalupo y otros melones,2013,ha,,5066.0
Argentina,Melón Cantalupo y otros melones,2013,toneladas,81826.2,
Argentina,Melón Cantalupo y otros melones,2014,ha,,5090.0
Argentina,Melón Cantalupo y otros melones,2014,toneladas,81882.33,
Argentina,Melón Cantalupo y otros melones,2015,ha,,5271.0
Argentina,Melón Cantalupo y otros melones,2015,toneladas,81274.74,
Argentina,Melón Cantalupo y otros melones,2016,ha,,5142.0
Argentina,Melón Cantalupo y otros melones,2016,toneladas,80876.19,
Argentina,Melón Cantalupo y otros melones,2017,ha,,5090.0
Argentina,Melón Cantalupo y otros melones,2017,toneladas,80627.05,
Argentina,Melón Cantalupo y otros melones,2018,ha,,5168.0
Argentina,Melón Cantalupo y otros melones,2018,toneladas,81003.4,
Argentina,Melón Cantalupo y otros melones,2019,ha,,5133.0
Argentina,Melón Cantalupo y otros melones,2019,toneladas,80715.35,
Argentina,Melón Cantalupo y otros melones,2020,ha,,5130.0
Argentina,Melón Cantalupo y otros melones,2020,toneladas,80782.25,
Argentina,Melón Cantalupo y otros melones,2021,ha,,5144.0
Argentina,Melón Cantalupo y otros melones,2021,toneladas,80849.14,
Argentina,Membrillos,2010,ha,,3204.0
Argentina,Membrillos,2010,toneladas,27041.23,
Argentina,Membrillos,2011,ha,,3209.0
Argentina,Membrillos,2011,toneladas,27142.9,
Argentina,Membrillos,2012,ha,,3200.0
Argentina,Membrillos,2012,toneladas,27500.0,
Argentina,Membrillos,2013,ha,,3205.0
Argentina,Membrillos,2013,toneladas,27197.67,
Argentina,Membrillos,2014,ha,,3191.0
Argentina,Membrillos,2014,toneladas,27100.93,
Argentina,Membrillos,2015,ha,,3283.0
Argentina,Membrillos,2015,toneladas,28007.03,
Argentina,Membrillos,2016,ha,,3345.0
Argentina,Membrillos,2016,toneladas,28532.32,
Argentina,Membrillos,2017,ha,,3392.0
Argentina,Membrillos,2017,toneladas,28967.9,
Argentina,Membrillos,2018,ha,,3329.0
Argentina,Membrillos,2018,toneladas,28508.88,
Argentina,Membrillos,2019,ha,,3329.0
Argentina,Membrillos,2019,toneladas,28571.92,
Argentina,Membrillos,2020,ha,,3338.0
Argentina,Membrillos,2020,toneladas,28690.1,
Argentina,Membrillos,2021,ha,,3346.0
Argentina,Membrillos,2021,toneladas,28808.29,
"Argentina,""Menta, hierbabuena"",2010,ha,,360.0"
"Argentina,""Menta, hierbabuena"",2010,toneladas,7100.0,"
"Argentina,""Menta, hierbabuena"",2011,ha,,360.0"
"Argentina,""Menta, hierbabuena"",2011,toneladas,7100.0,"
"Argentina,""Menta, hierbabuena"",2012,ha,,360.0"
"Argentina,""Menta, hierbabuena"",2012,toneladas,7100.0,"
"Argentina,""Menta, hierbabuena"",2013,ha,,360.0"
"Argentina,""Menta, hierbabuena"",2013,toneladas,7057.69,"
"Argentina,""Menta, hierbabuena"",2014,ha,,360.0"
"Argentina,""Menta, hierbabuena"",2014,toneladas,7017.15,"
"Argentina,""Menta, hierbabuena"",2015,ha,,360.0"
"Argentina,""Menta, hierbabuena"",2015,toneladas,7023.72,"
"Argentina,""Menta, hierbabuena"",2016,ha,,360.0"
"Argentina,""Menta, hierbabuena"",2016,toneladas,7005.88,"
"Argentina,""Menta, hierbabuena"",2017,ha,,360.0"
"Argentina,""Menta, hierbabuena"",2017,toneladas,6979.91,"
"Argentina,""Menta, hierbabuena"",2018,ha,,360.0"
"Argentina,""Menta, hierbabuena"",2018,toneladas,6952.68,"
"Argentina,""Menta, hierbabuena"",2019,ha,,360.0"
"Argentina,""Menta, hierbabuena"",2019,toneladas,6979.29,"
"Argentina,""Menta, hierbabuena"",2020,ha,,360.0"
"Argentina,""Menta, hierbabuena"",2020,toneladas,6973.19,"
"Argentina,""Menta, hierbabuena"",2021,ha,,360.0"
"Argentina,""Menta, hierbabuena"",2021,toneladas,6967.09,"
Argentina,Mijo,2010,ha,,6675.0
Argentina,Mijo,2010,toneladas,9115.0,
Argentina,Mijo,2011,ha,,4700.0
Argentina,Mijo,2011,toneladas,7990.0,
Argentina,Mijo,2012,ha,,9890.0
Argentina,Mijo,2012,toneladas,17414.0,
Argentina,Mijo,2013,ha,,6120.0
Argentina,Mijo,2013,toneladas,11192.0,
Argentina,Mijo,2014,ha,,2250.0
Argentina,Mijo,2014,toneladas,2670.0,
Argentina,Mijo,2015,ha,,2040.0
Argentina,Mijo,2015,toneladas,4640.0,
Argentina,Mijo,2016,ha,,4420.0
Argentina,Mijo,2016,toneladas,6867.0,
Argentina,Mijo,2017,ha,,2770.0
Argentina,Mijo,2017,toneladas,5328.0,
Argentina,Mijo,2018,ha,,1800.0
Argentina,Mijo,2018,toneladas,2254.0,
Argentina,Mijo,2019,ha,,2188.0
Argentina,Mijo,2019,toneladas,4140.0,
Argentina,Mijo,2020,ha,,3513.0
Argentina,Mijo,2020,toneladas,5441.0,
Argentina,Mijo,2021,ha,,6240.0
Argentina,Mijo,2021,toneladas,9508.0,
Argentina,Naranjas,2010,ha,,48229.0
Argentina,Naranjas,2010,toneladas,833486.0,
Argentina,Naranjas,2011,ha,,48891.0
Argentina,Naranjas,2011,toneladas,1130074.0,
Argentina,Naranjas,2012,ha,,43702.0
Argentina,Naranjas,2012,toneladas,933526.0,
Argentina,Naranjas,2013,ha,,40000.0
Argentina,Naranjas,2013,toneladas,859752.0,
Argentina,Naranjas,2014,ha,,47964.0
Argentina,Naranjas,2014,toneladas,1022276.0,
Argentina,Naranjas,2015,ha,,43272.0
Argentina,Naranjas,2015,toneladas,1001309.0,
Argentina,Naranjas,2016,ha,,45984.0
Argentina,Naranjas,2016,toneladas,1032446.0,
Argentina,Naranjas,2017,ha,,46814.0
Argentina,Naranjas,2017,toneladas,1025000.0,
Argentina,Naranjas,2018,ha,,46023.0
Argentina,Naranjas,2018,toneladas,1006779.0,
Argentina,Naranjas,2019,ha,,47354.0
Argentina,Naranjas,2019,toneladas,1070927.0,
Argentina,Naranjas,2020,ha,,42932.0
Argentina,Naranjas,2020,toneladas,1000000.0,
Argentina,Naranjas,2021,ha,,43376.0
Argentina,Naranjas,2021,toneladas,1037318.91,
Argentina,Nueces de nogal con cáscara,2010,ha,,4800.0
Argentina,Nueces de nogal con cáscara,2010,toneladas,10000.0,
Argentina,Nueces de nogal con cáscara,2011,ha,,4492.0
Argentina,Nueces de nogal con cáscara,2011,toneladas,10990.77,
Argentina,Nueces de nogal con cáscara,2012,ha,,4800.0
Argentina,Nueces de nogal con cáscara,2012,toneladas,12800.0,
Argentina,Nueces de nogal con cáscara,2013,ha,,4782.0
Argentina,Nueces de nogal con cáscara,2013,toneladas,11822.97,
Argentina,Nueces de nogal con cáscara,2014,ha,,6595.0
Argentina,Nueces de nogal con cáscara,2014,toneladas,13591.73,
Argentina,Nueces de nogal con cáscara,2015,ha,,9383.0
Argentina,Nueces de nogal con cáscara,2015,toneladas,15690.56,
Argentina,Nueces de nogal con cáscara,2016,ha,,14090.0
Argentina,Nueces de nogal con cáscara,2016,toneladas,18412.0,
Argentina,Nueces de nogal con cáscara,2017,ha,,14411.0
Argentina,Nueces de nogal con cáscara,2017,toneladas,18412.0,
Argentina,Nueces de nogal con cáscara,2018,ha,,14912.0
Argentina,Nueces de nogal con cáscara,2018,toneladas,18412.0,
Argentina,Nueces de nogal con cáscara,2019,ha,,14832.0
Argentina,Nueces de nogal con cáscara,2019,toneladas,18610.49,
Argentina,Nueces de nogal con cáscara,2020,ha,,16044.0
Argentina,Nueces de nogal con cáscara,2020,toneladas,20342.47,
Argentina,Nueces de nogal con cáscara,2021,ha,,18235.0
Argentina,Nueces de nogal con cáscara,2021,toneladas,21582.4,
Argentina,Nueces de tung,2010,ha,,1285.0
Argentina,Nueces de tung,2010,toneladas,3439.0,
Argentina,Nueces de tung,2011,ha,,1569.0
Argentina,Nueces de tung,2011,toneladas,3841.44,
Argentina,Nueces de tung,2012,ha,,2393.0
Argentina,Nueces de tung,2012,toneladas,5708.25,
Argentina,Nueces de tung,2013,ha,,2408.0
Argentina,Nueces de tung,2013,toneladas,5828.85,
Argentina,Nueces de tung,2014,ha,,2539.0
Argentina,Nueces de tung,2014,toneladas,6280.0,
Argentina,Nueces de tung,2015,ha,,2445.0
Argentina,Nueces de tung,2015,toneladas,6123.0,
Argentina,Nueces de tung,2016,ha,,2503.0
Argentina,Nueces de tung,2016,toneladas,6315.0,
Argentina,Nueces de tung,2017,ha,,2518.0
Argentina,Nueces de tung,2017,toneladas,6400.0,
Argentina,Nueces de tung,2018,ha,,2569.0
Argentina,Nueces de tung,2018,toneladas,6600.0,
Argentina,Nueces de tung,2019,ha,,2136.0
Argentina,Nueces de tung,2019,toneladas,5522.7,
Argentina,Nueces de tung,2020,ha,,2167.0
Argentina,Nueces de tung,2020,toneladas,5650.74,
Argentina,Nueces de tung,2021,ha,,2241.0
Argentina,Nueces de tung,2021,toneladas,5894.22,
"Argentina,""Otras fibras textiles, en bruto, n.e.p."",2010,ha,,1502.0"
"Argentina,""Otras fibras textiles, en bruto, n.e.p."",2010,toneladas,1511.64,"
"Argentina,""Otras fibras textiles, en bruto, n.e.p."",2011,ha,,1542.0"
"Argentina,""Otras fibras textiles, en bruto, n.e.p."",2011,toneladas,1553.77,"
"Argentina,""Otras fibras textiles, en bruto, n.e.p."",2012,ha,,1590.0"
"Argentina,""Otras fibras textiles, en bruto, n.e.p."",2012,toneladas,1600.0,"
"Argentina,""Otras fibras textiles, en bruto, n.e.p."",2013,ha,,1600.0"
"Argentina,""Otras fibras textiles, en bruto, n.e.p."",2013,toneladas,1650.0,"
"Argentina,""Otras fibras textiles, en bruto, n.e.p."",2014,ha,,1664.0"
"Argentina,""Otras fibras textiles, en bruto, n.e.p."",2014,toneladas,1700.22,"
"Argentina,""Otras fibras textiles, en bruto, n.e.p."",2015,ha,,1485.0"
"Argentina,""Otras fibras textiles, en bruto, n.e.p."",2015,toneladas,1392.98,"
"Argentina,""Otras fibras textiles, en bruto, n.e.p."",2016,ha,,1583.0"
"Argentina,""Otras fibras textiles, en bruto, n.e.p."",2016,toneladas,1581.07,"
"Argentina,""Otras fibras textiles, en bruto, n.e.p."",2017,ha,,1559.0"
"Argentina,""Otras fibras textiles, en bruto, n.e.p."",2017,toneladas,1566.16,"
"Argentina,""Otras fibras textiles, en bruto, n.e.p."",2018,ha,,1557.0"
"Argentina,""Otras fibras textiles, en bruto, n.e.p."",2018,toneladas,1553.18,"
"Argentina,""Otras fibras textiles, en bruto, n.e.p."",2019,ha,,1562.0"
"Argentina,""Otras fibras textiles, en bruto, n.e.p."",2019,toneladas,1556.8,"
"Argentina,""Otras fibras textiles, en bruto, n.e.p."",2020,ha,,1566.0"
"Argentina,""Otras fibras textiles, en bruto, n.e.p."",2020,toneladas,1560.56,"
"Argentina,""Otras fibras textiles, en bruto, n.e.p."",2021,ha,,1571.0"
"Argentina,""Otras fibras textiles, en bruto, n.e.p."",2021,toneladas,1564.35,"
Argentina,Otras hortalizas frescas n.c.p.,2010,ha,,56833.0
Argentina,Otras hortalizas frescas n.c.p.,2010,toneladas,738437.79,
Argentina,Otras hortalizas frescas n.c.p.,2011,ha,,57812.0
Argentina,Otras hortalizas frescas n.c.p.,2011,toneladas,779725.51,
Argentina,Otras hortalizas frescas n.c.p.,2012,ha,,52000.0
Argentina,Otras hortalizas frescas n.c.p.,2012,toneladas,835000.0,
Argentina,Otras hortalizas frescas n.c.p.,2013,ha,,60490.0
Argentina,Otras hortalizas frescas n.c.p.,2013,toneladas,868778.4,
Argentina,Otras hortalizas frescas n.c.p.,2014,ha,,63674.0
Argentina,Otras hortalizas frescas n.c.p.,2014,toneladas,901745.95,
Argentina,Otras hortalizas frescas n.c.p.,2015,ha,,58859.0
Argentina,Otras hortalizas frescas n.c.p.,2015,toneladas,851464.47,
Argentina,Otras hortalizas frescas n.c.p.,2016,ha,,58445.0
Argentina,Otras hortalizas frescas n.c.p.,2016,toneladas,850783.46,
Argentina,Otras hortalizas frescas n.c.p.,2017,ha,,60326.0
Argentina,Otras hortalizas frescas n.c.p.,2017,toneladas,841623.02,
Argentina,Otras hortalizas frescas n.c.p.,2018,ha,,57737.0
Argentina,Otras hortalizas frescas n.c.p.,2018,toneladas,872133.64,
Argentina,Otras hortalizas frescas n.c.p.,2019,ha,,58836.0
Argentina,Otras hortalizas frescas n.c.p.,2019,toneladas,878708.51,
Argentina,Otras hortalizas frescas n.c.p.,2020,ha,,58966.0
Argentina,Otras hortalizas frescas n.c.p.,2020,toneladas,884527.3,
Argentina,Otras hortalizas frescas n.c.p.,2021,ha,,58513.0
Argentina,Otras hortalizas frescas n.c.p.,2021,toneladas,890368.67,
"Argentina,""Otras judias, verdes"",2010,ha,,881.0"
"Argentina,""Otras judias, verdes"",2010,toneladas,4000.0,"
"Argentina,""Otras judias, verdes"",2011,ha,,949.0"
"Argentina,""Otras judias, verdes"",2011,toneladas,3816.14,"
"Argentina,""Otras judias, verdes"",2012,ha,,1050.0"
"Argentina,""Otras judias, verdes"",2012,toneladas,3600.0,"
"Argentina,""Otras judias, verdes"",2013,ha,,1146.0"
"Argentina,""Otras judias, verdes"",2013,toneladas,3401.54,"
"Argentina,""Otras judias, verdes"",2014,ha,,1274.0"
"Argentina,""Otras judias, verdes"",2014,toneladas,3207.52,"
"Argentina,""Otras judias, verdes"",2015,ha,,1485.0"
"Argentina,""Otras judias, verdes"",2015,toneladas,3465.55,"
"Argentina,""Otras judias, verdes"",2016,ha,,1302.0"
"Argentina,""Otras judias, verdes"",2016,toneladas,3358.2,"
"Argentina,""Otras judias, verdes"",2017,ha,,1353.0"
"Argentina,""Otras judias, verdes"",2017,toneladas,3351.75,"
"Argentina,""Otras judias, verdes"",2018,ha,,1380.0"
"Argentina,""Otras judias, verdes"",2018,toneladas,3391.83,"
"Argentina,""Otras judias, verdes"",2019,ha,,1345.0"
"Argentina,""Otras judias, verdes"",2019,toneladas,3367.26,"
"Argentina,""Otras judias, verdes"",2020,ha,,1359.0"
"Argentina,""Otras judias, verdes"",2020,toneladas,3370.28,"
"Argentina,""Otras judias, verdes"",2021,ha,,1361.0"
"Argentina,""Otras judias, verdes"",2021,toneladas,3376.46,"
"Argentina,""Otras semillas oleaginosas, n.c.p."",2010,toneladas,0.0,"
"Argentina,""Otras semillas oleaginosas, n.c.p."",2011,toneladas,0.0,"
"Argentina,""Otras semillas oleaginosas, n.c.p."",2012,toneladas,0.0,"
"Argentina,""Otras semillas oleaginosas, n.c.p."",2013,toneladas,0.0,"
"Argentina,""Otras semillas oleaginosas, n.c.p."",2014,toneladas,0.0,"
"Argentina,""Otras semillas oleaginosas, n.c.p."",2015,toneladas,0.0,"
"Argentina,""Otras semillas oleaginosas, n.c.p."",2016,toneladas,0.0,"
"Argentina,""Otras semillas oleaginosas, n.c.p."",2017,toneladas,0.0,"
"Argentina,""Otras semillas oleaginosas, n.c.p."",2018,toneladas,0.0,"
"Argentina,""Otras semillas oleaginosas, n.c.p."",2019,toneladas,0.0,"
"Argentina,""Otras semillas oleaginosas, n.c.p."",2020,toneladas,0.0,"
"Argentina,""Otras semillas oleaginosas, n.c.p."",2021,toneladas,0.0,"
"Argentina,""Otros cultivos de estimulantes, especias y plantas aromáticas, n.c.p."",2010,ha,,1441.0"
"Argentina,""Otros cultivos de estimulantes, especias y plantas aromáticas, n.c.p."",2010,toneladas,1472.63,"
"Argentina,""Otros cultivos de estimulantes, especias y plantas aromáticas, n.c.p."",2011,ha,,1421.0"
"Argentina,""Otros cultivos de estimulantes, especias y plantas aromáticas, n.c.p."",2011,toneladas,1481.89,"
"Argentina,""Otros cultivos de estimulantes, especias y plantas aromáticas, n.c.p."",2012,ha,,1300.0"
"Argentina,""Otros cultivos de estimulantes, especias y plantas aromáticas, n.c.p."",2012,toneladas,1500.0,"
"Argentina,""Otros cultivos de estimulantes, especias y plantas aromáticas, n.c.p."",2013,ha,,1390.0"
"Argentina,""Otros cultivos de estimulantes, especias y plantas aromáticas, n.c.p."",2013,toneladas,1494.83,"
"Argentina,""Otros cultivos de estimulantes, especias y plantas aromáticas, n.c.p."",2014,ha,,1392.0"
"Argentina,""Otros cultivos de estimulantes, especias y plantas aromáticas, n.c.p."",2014,toneladas,1490.08,"
"Argentina,""Otros cultivos de estimulantes, especias y plantas aromáticas, n.c.p."",2015,ha,,1359.0"
"Argentina,""Otros cultivos de estimulantes, especias y plantas aromáticas, n.c.p."",2015,toneladas,1497.9,"
"Argentina,""Otros cultivos de estimulantes, especias y plantas aromáticas, n.c.p."",2016,ha,,1353.0"
"Argentina,""Otros cultivos de estimulantes, especias y plantas aromáticas, n.c.p."",2016,toneladas,1500.93,"
"Argentina,""Otros cultivos de estimulantes, especias y plantas aromáticas, n.c.p."",2017,ha,,1346.0"
"Argentina,""Otros cultivos de estimulantes, especias y plantas aromáticas, n.c.p."",2017,toneladas,1503.06,"
"Argentina,""Otros cultivos de estimulantes, especias y plantas aromáticas, n.c.p."",2018,ha,,1334.0"
"Argentina,""Otros cultivos de estimulantes, especias y plantas aromáticas, n.c.p."",2018,toneladas,1508.86,"
"Argentina,""Otros cultivos de estimulantes, especias y plantas aromáticas, n.c.p."",2019,ha,,1316.0"
"Argentina,""Otros cultivos de estimulantes, especias y plantas aromáticas, n.c.p."",2019,toneladas,1504.33,"
"Argentina,""Otros cultivos de estimulantes, especias y plantas aromáticas, n.c.p."",2020,ha,,1305.0"
"Argentina,""Otros cultivos de estimulantes, especias y plantas aromáticas, n.c.p."",2020,toneladas,1507.06,"
"Argentina,""Otros cultivos de estimulantes, especias y plantas aromáticas, n.c.p."",2021,ha,,1318.0"
"Argentina,""Otros cultivos de estimulantes, especias y plantas aromáticas, n.c.p."",2021,toneladas,1509.79,"
"Argentina,""Papas, patatas"",2010,ha,,67896.0"
"Argentina,""Papas, patatas"",2010,toneladas,2011097.39,"
"Argentina,""Papas, patatas"",2011,ha,,68923.0"
"Argentina,""Papas, patatas"",2011,toneladas,2058375.56,"
"Argentina,""Papas, patatas"",2012,ha,,70710.0"
"Argentina,""Papas, patatas"",2012,toneladas,2149333.01,"
"Argentina,""Papas, patatas"",2013,ha,,71954.0"
"Argentina,""Papas, patatas"",2013,toneladas,2211553.96,"
"Argentina,""Papas, patatas"",2014,ha,,72922.0"
"Argentina,""Papas, patatas"",2014,toneladas,2264803.89,"
"Argentina,""Papas, patatas"",2015,ha,,74338.0"
"Argentina,""Papas, patatas"",2015,toneladas,2329939.06,"
"Argentina,""Papas, patatas"",2016,ha,,75500.0"
"Argentina,""Papas, patatas"",2016,toneladas,2430866.0,"
"Argentina,""Papas, patatas"",2017,ha,,74845.0"
"Argentina,""Papas, patatas"",2017,toneladas,2459310.23,"
"Argentina,""Papas, patatas"",2018,ha,,75036.0"
"Argentina,""Papas, patatas"",2018,toneladas,2506597.39,"
"Argentina,""Papas, patatas"",2019,ha,,76731.0"
"Argentina,""Papas, patatas"",2019,toneladas,2600000.0,"
"Argentina,""Papas, patatas"",2020,ha,,79940.0"
"Argentina,""Papas, patatas"",2020,toneladas,2884000.0,"
"Argentina,""Papas, patatas"",2021,ha,,84771.0"
"Argentina,""Papas, patatas"",2021,toneladas,2954797.87,"
Argentina,Papayas,2010,ha,,171.0
Argentina,Papayas,2010,toneladas,2160.59,
Argentina,Papayas,2011,ha,,172.0
Argentina,Papayas,2011,toneladas,2140.1,
Argentina,Papayas,2012,ha,,180.0
Argentina,Papayas,2012,toneladas,2000.0,
Argentina,Papayas,2013,ha,,178.0
Argentina,Papayas,2013,toneladas,2139.62,
Argentina,Papayas,2014,ha,,186.0
Argentina,Papayas,2014,toneladas,2208.18,
Argentina,Papayas,2015,ha,,190.0
Argentina,Papayas,2015,toneladas,2200.56,
Argentina,Papayas,2016,ha,,193.0
Argentina,Papayas,2016,toneladas,2206.85,
Argentina,Papayas,2017,ha,,196.0
Argentina,Papayas,2017,toneladas,2212.53,
Argentina,Papayas,2018,ha,,199.0
Argentina,Papayas,2018,toneladas,2208.62,
Argentina,Papayas,2019,ha,,196.0
Argentina,Papayas,2019,toneladas,2203.37,
Argentina,Papayas,2020,ha,,197.0
Argentina,Papayas,2020,toneladas,2206.44,
Argentina,Papayas,2021,ha,,197.0
Argentina,Papayas,2021,toneladas,2209.51,
Argentina,Peras,2010,ha,,20258.0
Argentina,Peras,2010,toneladas,670000.0,
Argentina,Peras,2011,ha,,24236.0
Argentina,Peras,2011,toneladas,812633.0,
Argentina,Peras,2012,ha,,24284.0
Argentina,Peras,2012,toneladas,825115.0,
Argentina,Peras,2013,ha,,27000.0
Argentina,Peras,2013,toneladas,890000.0,
Argentina,Peras,2014,ha,,23550.0
Argentina,Peras,2014,toneladas,704019.0,
Argentina,Peras,2015,ha,,22922.0
Argentina,Peras,2015,toneladas,619305.0,
Argentina,Peras,2016,ha,,22169.0
Argentina,Peras,2016,toneladas,522414.0,
Argentina,Peras,2017,ha,,20879.0
Argentina,Peras,2017,toneladas,517754.0,
Argentina,Peras,2018,ha,,24553.0
Argentina,Peras,2018,toneladas,565697.0,
Argentina,Peras,2019,ha,,20432.0
Argentina,Peras,2019,toneladas,594143.0,
Argentina,Peras,2020,ha,,21435.0
Argentina,Peras,2020,toneladas,659000.0,
Argentina,Peras,2021,ha,,24802.0
Argentina,Peras,2021,toneladas,634000.0,
Argentina,Piña tropical,2010,ha,,178.0
Argentina,Piña tropical,2010,toneladas,3317.44,
Argentina,Piña tropical,2011,ha,,179.0
Argentina,Piña tropical,2011,toneladas,3324.13,
Argentina,Piña tropical,2012,ha,,180.0
Argentina,Piña tropical,2012,toneladas,3350.0,
Argentina,Piña tropical,2013,ha,,179.0
Argentina,Piña tropical,2013,toneladas,3319.67,
Argentina,Piña tropical,2014,ha,,179.0
Argentina,Piña tropical,2014,toneladas,3293.44,
Argentina,Piña tropical,2015,ha,,178.0
Argentina,Piña tropical,2015,toneladas,3283.34,
Argentina,Piña tropical,2016,ha,,178.0
Argentina,Piña tropical,2016,toneladas,3271.31,
Argentina,Piña tropical,2017,ha,,178.0
Argentina,Piña tropical,2017,toneladas,3258.91,
Argentina,Piña tropical,2018,ha,,177.0
Argentina,Piña tropical,2018,toneladas,3255.9,
Argentina,Piña tropical,2019,ha,,177.0
Argentina,Piña tropical,2019,toneladas,3257.93,
Argentina,Piña tropical,2020,ha,,178.0
Argentina,Piña tropical,2020,toneladas,3256.05,
Argentina,Piña tropical,2021,ha,,178.0
Argentina,Piña tropical,2021,toneladas,3254.5,
Argentina,Pomelos,2010,ha,,7685.0
Argentina,Pomelos,2010,toneladas,188820.0,
Argentina,Pomelos,2011,ha,,6383.0
Argentina,Pomelos,2011,toneladas,172382.0,
Argentina,Pomelos,2012,ha,,6207.0
Argentina,Pomelos,2012,toneladas,132196.0,
Argentina,Pomelos,2013,ha,,5137.0
Argentina,Pomelos,2013,toneladas,113549.0,
Argentina,Pomelos,2014,ha,,5706.0
Argentina,Pomelos,2014,toneladas,130786.0,
Argentina,Pomelos,2015,ha,,5353.0
Argentina,Pomelos,2015,toneladas,130382.0,
Argentina,Pomelos,2016,ha,,3882.0
Argentina,Pomelos,2016,toneladas,102259.0,
Argentina,Pomelos,2017,ha,,4850.0
Argentina,Pomelos,2017,toneladas,112000.0,
Argentina,Pomelos,2018,ha,,4708.0
Argentina,Pomelos,2018,toneladas,114118.0,
Argentina,Pomelos,2019,ha,,4695.0
Argentina,Pomelos,2019,toneladas,114695.0,
Argentina,Pomelos,2020,ha,,4660.0
Argentina,Pomelos,2020,toneladas,114000.0,
Argentina,Pomelos,2021,ha,,4656.0
Argentina,Pomelos,2021,toneladas,116150.59,
Argentina,Sandías,2010,ha,,9147.0
Argentina,Sandías,2010,toneladas,126556.2,
Argentina,Sandías,2011,ha,,9143.0
Argentina,Sandías,2011,toneladas,126715.62,
Argentina,Sandías,2012,ha,,9000.0
Argentina,Sandías,2012,toneladas,127000.0,
Argentina,Sandías,2013,ha,,9146.0
Argentina,Sandías,2013,toneladas,127001.39,
Argentina,Sandías,2014,ha,,9190.0
Argentina,Sandías,2014,toneladas,127012.13,
Argentina,Sandías,2015,ha,,9087.0
Argentina,Sandías,2015,toneladas,126326.38,
Argentina,Sandías,2016,ha,,9037.0
Argentina,Sandías,2016,toneladas,125725.52,
Argentina,Sandías,2017,ha,,9000.0
Argentina,Sandías,2017,toneladas,125165.37,
Argentina,Sandías,2018,ha,,9082.0
Argentina,Sandías,2018,toneladas,126186.6,
Argentina,Sandías,2019,ha,,9082.0
Argentina,Sandías,2019,toneladas,126266.02,
Argentina,Sandías,2020,ha,,9077.0
Argentina,Sandías,2020,toneladas,126249.91,
Argentina,Sandías,2021,ha,,9072.0
Argentina,Sandías,2021,toneladas,126233.8,
"Argentina,""Semilla de cartamo, alazor"",2010,ha,,66100.0"
"Argentina,""Semilla de cartamo, alazor"",2010,toneladas,43850.0,"
"Argentina,""Semilla de cartamo, alazor"",2011,ha,,79256.0"
"Argentina,""Semilla de cartamo, alazor"",2011,toneladas,56086.0,"
"Argentina,""Semilla de cartamo, alazor"",2012,ha,,161479.0"
"Argentina,""Semilla de cartamo, alazor"",2012,toneladas,108250.0,"
"Argentina,""Semilla de cartamo, alazor"",2013,ha,,87470.0"
"Argentina,""Semilla de cartamo, alazor"",2013,toneladas,49770.0,"
"Argentina,""Semilla de cartamo, alazor"",2014,ha,,5724.0"
"Argentina,""Semilla de cartamo, alazor"",2014,toneladas,3090.0,"
"Argentina,""Semilla de cartamo, alazor"",2015,ha,,44280.0"
"Argentina,""Semilla de cartamo, alazor"",2015,toneladas,28680.0,"
"Argentina,""Semilla de cartamo, alazor"",2016,ha,,79956.0"
"Argentina,""Semilla de cartamo, alazor"",2016,toneladas,51550.0,"
"Argentina,""Semilla de cartamo, alazor"",2017,ha,,26134.0"
"Argentina,""Semilla de cartamo, alazor"",2017,toneladas,17584.0,"
"Argentina,""Semilla de cartamo, alazor"",2018,ha,,34799.0"
"Argentina,""Semilla de cartamo, alazor"",2018,toneladas,27839.0,"
"Argentina,""Semilla de cartamo, alazor"",2019,ha,,28646.0"
"Argentina,""Semilla de cartamo, alazor"",2019,toneladas,24327.0,"
"Argentina,""Semilla de cartamo, alazor"",2020,ha,,27349.0"
"Argentina,""Semilla de cartamo, alazor"",2020,toneladas,22565.0,"
"Argentina,""Semilla de cartamo, alazor"",2021,ha,,6000.0"
"Argentina,""Semilla de cartamo, alazor"",2021,toneladas,6000.0,"
Argentina,Semilla de girasol,2010,ha,,1495317.0
Argentina,Semilla de girasol,2010,toneladas,2232034.0,
Argentina,Semilla de girasol,2011,ha,,1743040.0
Argentina,Semilla de girasol,2011,toneladas,3671748.0,
Argentina,Semilla de girasol,2012,ha,,1823412.0
Argentina,Semilla de girasol,2012,toneladas,3340520.0,
Argentina,Semilla de girasol,2013,ha,,1620081.0
Argentina,Semilla de girasol,2013,toneladas,3104420.0,
Argentina,Semilla de girasol,2014,ha,,1261640.0
Argentina,Semilla de girasol,2014,toneladas,2063410.0,
Argentina,Semilla de girasol,2015,ha,,1439915.0
Argentina,Semilla de girasol,2015,toneladas,3158290.0,
Argentina,Semilla de girasol,2016,ha,,1413963.0
Argentina,Semilla de girasol,2016,toneladas,3000367.0,
Argentina,Semilla de girasol,2017,ha,,1819045.0
Argentina,Semilla de girasol,2017,toneladas,3546707.0,
Argentina,Semilla de girasol,2018,ha,,1678031.0
Argentina,Semilla de girasol,2018,toneladas,3537545.0,
Argentina,Semilla de girasol,2019,ha,,1875938.0
Argentina,Semilla de girasol,2019,toneladas,3825750.0,
Argentina,Semilla de girasol,2020,ha,,1528567.0
Argentina,Semilla de girasol,2020,toneladas,3232649.0,
Argentina,Semilla de girasol,2021,ha,,1666843.0
Argentina,Semilla de girasol,2021,toneladas,3426368.0,
Argentina,Semillas de aceite de ricino,2010,ha,,0.0
Argentina,Semillas de aceite de ricino,2010,toneladas,0.0,
Argentina,Semillas de aceite de ricino,2011,ha,,0.0
Argentina,Semillas de aceite de ricino,2011,toneladas,0.0,
Argentina,Semillas de aceite de ricino,2012,ha,,0.0
Argentina,Semillas de aceite de ricino,2012,toneladas,0.0,
Argentina,Semillas de aceite de ricino,2013,ha,,0.0
Argentina,Semillas de aceite de ricino,2013,toneladas,0.0,
Argentina,Semillas de aceite de ricino,2014,ha,,0.0
Argentina,Semillas de aceite de ricino,2014,toneladas,0.0,
Argentina,Semillas de aceite de ricino,2015,ha,,0.0
Argentina,Semillas de aceite de ricino,2015,toneladas,0.0,
Argentina,Semillas de aceite de ricino,2016,ha,,0.0
Argentina,Semillas de aceite de ricino,2016,toneladas,0.0,
Argentina,Semillas de aceite de ricino,2017,ha,,0.0
Argentina,Semillas de aceite de ricino,2017,toneladas,0.0,
Argentina,Semillas de aceite de ricino,2018,ha,,0.0
Argentina,Semillas de aceite de ricino,2018,toneladas,0.0,
Argentina,Semillas de aceite de ricino,2019,ha,,0.0
Argentina,Semillas de aceite de ricino,2019,toneladas,0.0,
Argentina,Semillas de aceite de ricino,2020,ha,,0.0
Argentina,Semillas de aceite de ricino,2020,toneladas,0.0,
Argentina,Semillas de aceite de ricino,2021,ha,,0.0
Argentina,Semillas de aceite de ricino,2021,toneladas,0.0,
Argentina,Sorgo,2010,ha,,755235.0
Argentina,Sorgo,2010,toneladas,3637427.0,
Argentina,Sorgo,2011,ha,,1012617.0
Argentina,Sorgo,2011,toneladas,4458442.0,
Argentina,Sorgo,2012,ha,,913815.0
Argentina,Sorgo,2012,toneladas,4252310.0,
Argentina,Sorgo,2013,ha,,889993.0
Argentina,Sorgo,2013,toneladas,3635837.0,
Argentina,Sorgo,2014,ha,,787657.0
Argentina,Sorgo,2014,toneladas,3466410.0,
Argentina,Sorgo,2015,ha,,658576.0
Argentina,Sorgo,2015,toneladas,3098148.0,
Argentina,Sorgo,2016,ha,,673550.0
Argentina,Sorgo,2016,toneladas,3029330.0,
Argentina,Sorgo,2017,ha,,541955.0
Argentina,Sorgo,2017,toneladas,2526931.0,
Argentina,Sorgo,2018,ha,,437463.0
Argentina,Sorgo,2018,toneladas,1563445.0,
Argentina,Sorgo,2019,ha,,342623.0
Argentina,Sorgo,2019,toneladas,1601435.0,
Argentina,Sorgo,2020,ha,,395204.0
Argentina,Sorgo,2020,toneladas,1829914.0,
Argentina,Sorgo,2021,ha,,748566.0
Argentina,Sorgo,2021,toneladas,3319341.0,
Argentina,Tabaco sin elaborar,2010,ha,,67674.0
Argentina,Tabaco sin elaborar,2010,toneladas,132869.98,
Argentina,Tabaco sin elaborar,2011,ha,,75715.0
Argentina,Tabaco sin elaborar,2011,toneladas,135241.22,
Argentina,Tabaco sin elaborar,2012,ha,,63327.0
Argentina,Tabaco sin elaborar,2012,toneladas,115333.9,
Argentina,Tabaco sin elaborar,2013,ha,,63146.0
Argentina,Tabaco sin elaborar,2013,toneladas,112348.0,
Argentina,Tabaco sin elaborar,2014,ha,,65683.0
Argentina,Tabaco sin elaborar,2014,toneladas,127085.0,
Argentina,Tabaco sin elaborar,2015,ha,,55194.0
Argentina,Tabaco sin elaborar,2015,toneladas,109106.0,
Argentina,Tabaco sin elaborar,2016,ha,,43815.0
Argentina,Tabaco sin elaborar,2016,toneladas,93671.0,
Argentina,Tabaco sin elaborar,2017,ha,,57321.0
Argentina,Tabaco sin elaborar,2017,toneladas,117154.0,
Argentina,Tabaco sin elaborar,2018,ha,,54728.0
Argentina,Tabaco sin elaborar,2018,toneladas,104093.0,
Argentina,Tabaco sin elaborar,2019,ha,,53937.0
Argentina,Tabaco sin elaborar,2019,toneladas,106245.1,
Argentina,Tabaco sin elaborar,2020,ha,,52856.0
Argentina,Tabaco sin elaborar,2020,toneladas,106326.15,
Argentina,Tabaco sin elaborar,2021,ha,,50788.0
Argentina,Tabaco sin elaborar,2021,toneladas,102070.94,
"Argentina,""Tangerinas, mandarinas, clementinas"",2010,ha,,34930.0"
"Argentina,""Tangerinas, mandarinas, clementinas"",2010,toneladas,423737.0,"
"Argentina,""Tangerinas, mandarinas, clementinas"",2011,ha,,35568.0"
"Argentina,""Tangerinas, mandarinas, clementinas"",2011,toneladas,554640.0,"
"Argentina,""Tangerinas, mandarinas, clementinas"",2012,ha,,32691.0"
"Argentina,""Tangerinas, mandarinas, clementinas"",2012,toneladas,373970.0,"
"Argentina,""Tangerinas, mandarinas, clementinas"",2013,ha,,30000.0"
"Argentina,""Tangerinas, mandarinas, clementinas"",2013,toneladas,364883.0,"
"Argentina,""Tangerinas, mandarinas, clementinas"",2014,ha,,35033.0"
"Argentina,""Tangerinas, mandarinas, clementinas"",2014,toneladas,486630.0,"
"Argentina,""Tangerinas, mandarinas, clementinas"",2015,ha,,32270.0"
"Argentina,""Tangerinas, mandarinas, clementinas"",2015,toneladas,491384.0,"
"Argentina,""Tangerinas, mandarinas, clementinas"",2016,ha,,29228.0"
"Argentina,""Tangerinas, mandarinas, clementinas"",2016,toneladas,468278.0,"
"Argentina,""Tangerinas, mandarinas, clementinas"",2017,ha,,29546.0"
"Argentina,""Tangerinas, mandarinas, clementinas"",2017,toneladas,459000.0,"
"Argentina,""Tangerinas, mandarinas, clementinas"",2018,ha,,28840.0"
"Argentina,""Tangerinas, mandarinas, clementinas"",2018,toneladas,431374.0,"
"Argentina,""Tangerinas, mandarinas, clementinas"",2019,ha,,28989.0"
"Argentina,""Tangerinas, mandarinas, clementinas"",2019,toneladas,421371.0,"
"Argentina,""Tangerinas, mandarinas, clementinas"",2020,ha,,28960.0"
"Argentina,""Tangerinas, mandarinas, clementinas"",2020,toneladas,420000.0,"
"Argentina,""Tangerinas, mandarinas, clementinas"",2021,ha,,28864.0"
"Argentina,""Tangerinas, mandarinas, clementinas"",2021,toneladas,418652.9,"
"Argentina,""Tomates, frescos"",2010,ha,,16641.0"
"Argentina,""Tomates, frescos"",2010,toneladas,805344.1,"
"Argentina,""Tomates, frescos"",2011,ha,,16916.0"
"Argentina,""Tomates, frescos"",2011,toneladas,879227.29,"
"Argentina,""Tomates, frescos"",2012,ha,,16880.0"
"Argentina,""Tomates, frescos"",2012,toneladas,903082.55,"
"Argentina,""Tomates, frescos"",2013,ha,,16825.0"
"Argentina,""Tomates, frescos"",2013,toneladas,925947.12,"
"Argentina,""Tomates, frescos"",2014,ha,,16775.0"
"Argentina,""Tomates, frescos"",2014,toneladas,949246.42,"
"Argentina,""Tomates, frescos"",2015,ha,,16751.0"
"Argentina,""Tomates, frescos"",2015,toneladas,973450.2,"
"Argentina,""Tomates, frescos"",2016,ha,,16752.0"
"Argentina,""Tomates, frescos"",2016,toneladas,998555.03,"
"Argentina,""Tomates, frescos"",2017,ha,,16845.0"
"Argentina,""Tomates, frescos"",2017,toneladas,1028879.65,"
"Argentina,""Tomates, frescos"",2018,ha,,16868.0"
"Argentina,""Tomates, frescos"",2018,toneladas,1057086.18,"
"Argentina,""Tomates, frescos"",2019,ha,,17000.0"
"Argentina,""Tomates, frescos"",2019,toneladas,1100000.0,"
"Argentina,""Tomates, frescos"",2020,ha,,17500.0"
"Argentina,""Tomates, frescos"",2020,toneladas,1150000.0,"
"Argentina,""Tomates, frescos"",2021,ha,,17016.0"
"Argentina,""Tomates, frescos"",2021,toneladas,1146373.18,"
Argentina,Trigo,2010,ha,,3325457.0
Argentina,Trigo,2010,toneladas,9016373.0,
Argentina,Trigo,2011,ha,,4582575.0
Argentina,Trigo,2011,toneladas,16067929.0,
Argentina,Trigo,2012,ha,,4560213.0
Argentina,Trigo,2012,toneladas,14683475.0,
Argentina,Trigo,2013,ha,,3060199.0
Argentina,Trigo,2013,toneladas,8134409.0,
Argentina,Trigo,2014,ha,,3451785.0
Argentina,Trigo,2014,toneladas,9188339.0,
Argentina,Trigo,2015,ha,,4957300.0
Argentina,Trigo,2015,toneladas,13930078.0,
Argentina,Trigo,2016,ha,,3953102.0
Argentina,Trigo,2016,toneladas,11314952.0,
Argentina,Trigo,2017,ha,,5566385.0
Argentina,Trigo,2017,toneladas,18395106.0,
Argentina,Trigo,2018,ha,,5822173.0
Argentina,Trigo,2018,toneladas,18518045.0,
Argentina,Trigo,2019,ha,,6050953.0
Argentina,Trigo,2019,toneladas,19459727.0,
Argentina,Trigo,2020,ha,,6729838.0
Argentina,Trigo,2020,toneladas,19776942.0,
Argentina,Trigo,2021,ha,,6394102.0
Argentina,Trigo,2021,toneladas,17644277.0,
Argentina,Uvas,2010,ha,,217750.0
Argentina,Uvas,2010,toneladas,2619660.5,
Argentina,Uvas,2011,ha,,218499.0
Argentina,Uvas,2011,toneladas,2890296.2,
Argentina,Uvas,2012,ha,,221202.0
Argentina,Uvas,2012,toneladas,2244219.8,
Argentina,Uvas,2013,ha,,223580.0
Argentina,Uvas,2013,toneladas,2871749.0,
Argentina,Uvas,2014,ha,,226388.0
Argentina,Uvas,2014,toneladas,2635109.0,
Argentina,Uvas,2015,ha,,224707.0
Argentina,Uvas,2015,toneladas,2415571.0,
Argentina,Uvas,2016,ha,,223944.0
Argentina,Uvas,2016,toneladas,1758418.0,
Argentina,Uvas,2017,ha,,220848.0
Argentina,Uvas,2017,toneladas,1965205.5,
Argentina,Uvas,2018,ha,,218233.0
Argentina,Uvas,2018,toneladas,2573311.4,
Argentina,Uvas,2019,ha,,215169.0
Argentina,Uvas,2019,toneladas,2519886.2,
Argentina,Uvas,2020,ha,,214798.0
Argentina,Uvas,2020,toneladas,2055746.0,
Argentina,Uvas,2021,ha,,211099.0
Argentina,Uvas,2021,toneladas,2241419.72,
"Argentina,""Yuca, fresca"",2010,ha,,18000.0"
"Argentina,""Yuca, fresca"",2010,toneladas,181800.0,"
"Argentina,""Yuca, fresca"",2011,ha,,18500.0"
"Argentina,""Yuca, fresca"",2011,toneladas,185000.0,"
"Argentina,""Yuca, fresca"",2012,ha,,18700.0"
"Argentina,""Yuca, fresca"",2012,toneladas,187000.0,"
"Argentina,""Yuca, fresca"",2013,ha,,18500.0"
"Argentina,""Yuca, fresca"",2013,toneladas,184000.0,"
"Argentina,""Yuca, fresca"",2014,ha,,18749.0"
"Argentina,""Yuca, fresca"",2014,toneladas,186009.55,"
"Argentina,""Yuca, fresca"",2015,ha,,19002.0"
"Argentina,""Yuca, fresca"",2015,toneladas,190329.78,"
"Argentina,""Yuca, fresca"",2016,ha,,19129.0"
"Argentina,""Yuca, fresca"",2016,toneladas,191984.01,"
"Argentina,""Yuca, fresca"",2017,ha,,19284.0"
"Argentina,""Yuca, fresca"",2017,toneladas,193430.03,"
"Argentina,""Yuca, fresca"",2018,ha,,19504.0"
"Argentina,""Yuca, fresca"",2018,toneladas,195297.38,"
"Argentina,""Yuca, fresca"",2019,ha,,19608.0"
"Argentina,""Yuca, fresca"",2019,toneladas,196336.41,"
"Argentina,""Yuca, fresca"",2020,ha,,19749.0"
"Argentina,""Yuca, fresca"",2020,toneladas,197761.75,"
"Argentina,""Yuca, fresca"",2021,ha,,19890.0"
"Argentina,""Yuca, fresca"",2021,toneladas,196465.18,"
Argentina,Zanahorias y nabos,2010,ha,,9375.0
Argentina,Zanahorias y nabos,2010,toneladas,256601.58,
Argentina,Zanahorias y nabos,2011,ha,,9416.0
Argentina,Zanahorias y nabos,2011,toneladas,260966.43,
Argentina,Zanahorias y nabos,2012,ha,,9456.0
Argentina,Zanahorias y nabos,2012,toneladas,265382.65,
Argentina,Zanahorias y nabos,2013,ha,,9496.0
Argentina,Zanahorias y nabos,2013,toneladas,269912.24,
Argentina,Zanahorias y nabos,2014,ha,,9355.0
Argentina,Zanahorias y nabos,2014,toneladas,274087.75,
Argentina,Zanahorias y nabos,2015,ha,,9338.0
Argentina,Zanahorias y nabos,2015,toneladas,280207.86,
Argentina,Zanahorias y nabos,2016,ha,,9500.0
Argentina,Zanahorias y nabos,2016,toneladas,302000.0,
Argentina,Zanahorias y nabos,2017,ha,,9213.0
Argentina,Zanahorias y nabos,2017,toneladas,290290.46,
Argentina,Zanahorias y nabos,2018,ha,,9183.0
Argentina,Zanahorias y nabos,2018,toneladas,291147.48,
Argentina,Zanahorias y nabos,2019,ha,,9103.0
Argentina,Zanahorias y nabos,2019,toneladas,292045.04,
Argentina,Zanahorias y nabos,2020,ha,,9057.0
Argentina,Zanahorias y nabos,2020,toneladas,293945.18,
Argentina,Zanahorias y nabos,2021,ha,,9000.0
Argentina,Zanahorias y nabos,2021,toneladas,300000.0,
